group,feature,boundary,auc,sep,worst_fam_sep
CAD,env_entropy,animal_multi_vs_single,0.8184840922432309,0.8184840922432309,0.7332745992929508
CAD,env_ac_strength,animal_multi_vs_single,0.1943989944534629,0.8056010055465371,0.7695913080392804
ENG,comb_salience,animal_multi_vs_single,0.2875186819939724,0.7124813180060277,0.6131122387141523
ENG,n_lines,animal_multi_vs_single,0.2918324684401255,0.7081675315598746,0.5934754289706843
CAD,gust_mod,animal_multi_vs_single,0.6886672863841444,0.6886672863841444,0.6162563771417979
ENG,tonality_max,animal_multi_vs_single,0.3219762603995659,0.678023739600434,0.5981297367051426
CAD,iii_cv,animal_multi_vs_single,0.6604717872547489,0.6604717872547489,0.5069542801328544
ENG,line_mains,animal_multi_vs_single,0.3505098368660007,0.6494901631339993,0.5879551845691756
ENG,beat_depth,animal_multi_vs_single,0.3522198498004166,0.6477801501995835,0.5159381184261587
CAD,env_cv,animal_multi_vs_single,0.3613977763389018,0.6386022236610982,0.5195242135325266
WX,highband_kurtosis,animal_multi_vs_single,0.3720868379404017,0.6279131620595984,0.5319356923368374
LEGACY,activity_concentration,animal_multi_vs_single,0.3775360379186562,0.6224639620813438,0.5196707006427813
CAD,cad_salience,animal_multi_vs_single,0.3777948991248361,0.6222051008751639,0.5839774822770988
LEGACY,burst_efficiency,animal_multi_vs_single,0.3932946219768751,0.6067053780231249,0.521925430601953
LEGACY,kurtosis,animal_multi_vs_single,0.4063740038519482,0.5936259961480518,0.5000777745135315
CAD,iii_mean,animal_multi_vs_single,0.4145760795325586,0.5854239204674414,0.5302452309347415
LEGACY,peak_to_peak,animal_multi_vs_single,0.574318567358807,0.574318567358807,0.5166012220979999
LEGACY,rms_total,animal_multi_vs_single,0.5717474099681196,0.5717474099681196,0.5143973891001862
PHYS,log_rms,animal_multi_vs_single,0.5717474099545249,0.5717474099545249,0.5143973873571419
LEGACY,variance,animal_multi_vs_single,0.5717473408254993,0.5717473408254993,0.5143973536582881
LEGACY,temporal_entropy,animal_multi_vs_single,0.5700981335055384,0.5700981335055384,0.5008556767530327
CAD,mod_peak_count,animal_multi_vs_single,0.4312985352177997,0.5687014647822003,0.5256247104402385
LEGACY,energy_mid_gap,animal_multi_vs_single,0.5594493348214088,0.5594493348214088,0.5285252646341972
CAD,footfall_rate,animal_multi_vs_single,0.4405742654087468,0.5594257345912532,0.501737741246283
LEGACY,energy_car_approach,animal_multi_vs_single,0.5589992820463326,0.5589992820463326,0.5446838139509302
LEGACY,spectral_entropy,animal_multi_vs_single,0.5583167657935029,0.5583167657935029,0.5356711263796983
LEGACY,energy_car_tail,animal_multi_vs_single,0.5576185556046477,0.5576185556046477,0.5110793958609816
LEGACY,energy_human_peak,animal_multi_vs_single,0.5576061623065658,0.5576061623065658,0.5240896817871172
LEGACY,energy_car_peak,animal_multi_vs_single,0.5576020509489685,0.5576020509489685,0.5235197748686887
LEGACY,energy_high_freq,animal_multi_vs_single,0.5570499219760627,0.5570499219760627,0.5073346933828464
LEGACY,energy_low_freq,animal_multi_vs_single,0.555566948111361,0.555566948111361,0.5355020586327707
LEGACY,energy_human_tail,animal_multi_vs_single,0.5552048102073917,0.5552048102073917,0.5000410968531116
LEGACY,spectral_bandwidth,animal_multi_vs_single,0.4512993137932496,0.5487006862067504,0.528234919386392
WPE,wpe_8,animal_multi_vs_single,0.4513403929927697,0.5486596070072303,0.518951187270583
LEGACY,mean_burst_len,animal_multi_vs_single,0.4517899704089329,0.5482100295910671,0.5043270600843179
WPE,wpe_9,animal_multi_vs_single,0.452706857314395,0.547293142685605,0.5230480092278897
AR,ar_2,animal_multi_vs_single,0.5444024421973385,0.5444024421973385,0.5109389434187489
AR,ar_1,animal_multi_vs_single,0.4585206966658682,0.5414793033341319,0.522749503411784
ENG,line_stability,animal_multi_vs_single,0.4600295427787076,0.5399704572212924,0.5017570966583472
CAD,cad_freq,animal_multi_vs_single,0.4603493887864897,0.5396506112135103,0.5053923656464043
WPE,wpe_13,animal_multi_vs_single,0.4633970998100383,0.5366029001899617,0.5011418288960275
WPE,wpe_12,animal_multi_vs_single,0.4635176662911467,0.5364823337088533,0.5005622961707392
CAD,cad_harm2,animal_multi_vs_single,0.4637290023073264,0.5362709976926736,0.5077247824718611
AR,ar_3,animal_multi_vs_single,0.4664228740072972,0.5335771259927028,0.5019721906201398
WPE,wpe_11,animal_multi_vs_single,0.4742132923812883,0.5257867076187117,0.5189600205874674
LEGACY,event_count,animal_multi_vs_single,0.5251406050812274,0.5251406050812274,0.5024723637585338
LEGACY,zcr,animal_multi_vs_single,0.5224414735573957,0.5224414735573957,0.5019221617966596
LEGACY,spectral_centroid,animal_multi_vs_single,0.4777789693163158,0.5222210306836842,0.5261290694571522
WPE,wpe_15,animal_multi_vs_single,0.4780336388293125,0.5219663611706875,0.5022529676811035
CEP,lfcc_7,animal_multi_vs_single,0.5190873043780677,0.5190873043780677,0.5011023168513441
WPE,wpe_10,animal_multi_vs_single,0.4811826704190081,0.5188173295809919,0.5117148750263275
AR,ar_7,animal_multi_vs_single,0.4813074989163928,0.5186925010836072,0.5003945202736866
CAD,cad_harm4,animal_multi_vs_single,0.5184763695885106,0.5184763695885106,0.5034224496839055
CEP,mfcc_4,animal_multi_vs_single,0.4836884398426275,0.5163115601573725,0.5025765576092794
WPE,wpe_14,animal_multi_vs_single,0.4841563928073729,0.5158436071926271,0.5010028209061175
AR,ar_4,animal_multi_vs_single,0.4848761576846961,0.515123842315304,0.5052716140734526
LEGACY,spectral_flatness,animal_multi_vs_single,0.4871831547317498,0.5128168452682502,0.502771810330505
CEP,mfcc_8,animal_multi_vs_single,0.4878221014000183,0.5121778985999816,0.5022411597944039
AR,ar_5,animal_multi_vs_single,0.5115636095504712,0.5115636095504712,0.5003863732154257
CEP,lfcc_5,animal_multi_vs_single,0.4895557525934841,0.5104442474065158,0.5008858369344492
WX,rain_impulse_rate,animal_multi_vs_single,0.4902442689398515,0.5097557310601485,0.5003939681107494
PHYS,frac_wind_1_5,animal_multi_vs_single,0.4906025268543428,0.5093974731456572,0.5050424221435411
CEP,lfcc_2,animal_multi_vs_single,0.5093962454268516,0.5093962454268516,0.5003436980967928
CEP,lfcc_6,animal_multi_vs_single,0.508859483745696,0.508859483745696,0.5006638236696178
ENG,hop_band_frac,animal_multi_vs_single,0.4912291922425529,0.5087708077574471,0.5005659298129621
AR,ar_8,animal_multi_vs_single,0.5084974716017212,0.5084974716017212,0.5003212659605192
CEP,lfcc_3,animal_multi_vs_single,0.507864198582104,0.507864198582104,0.507245627470092
LEGACY,dominant_freq,animal_multi_vs_single,0.5077596380216832,0.5077596380216832,0.5002273132742059
WPE,wpe_1,animal_multi_vs_single,0.4923616466105329,0.5076383533894671,0.5016147445287008
CEP,lfcc_8,animal_multi_vs_single,0.5074293876741192,0.5074293876741192,0.5017574348884695
PHYS,frac_foot_20_90,animal_multi_vs_single,0.4929233689588624,0.5070766310411376,0.5013250119333599
AR,ar_6,animal_multi_vs_single,0.5064776024404012,0.5064776024404012,0.5059086550343412
LEGACY,centroid_human_band,animal_multi_vs_single,0.4938911052201543,0.5061088947798458,0.5013824511069619
CEP,mfcc_2,animal_multi_vs_single,0.4939072854542908,0.5060927145457093,0.5015530242730477
LEGACY,centroid_car_band,animal_multi_vs_single,0.4941716448084033,0.5058283551915967,0.5005731292400867
CEP,mfcc_3,animal_multi_vs_single,0.5056888285016431,0.5056888285016431,0.5014135955072434
PHYS,frac_veh_5_25,animal_multi_vs_single,0.4948481781174033,0.5051518218825968,0.50127029558457
WPE,wpe_2,animal_multi_vs_single,0.5051188374744543,0.5051188374744543,0.5004262010347091
WPE,wpe_7,animal_multi_vs_single,0.5051028441175307,0.5051028441175307,0.5001646255447811
WPE,wpe_3,animal_multi_vs_single,0.4950236896463184,0.5049763103536816,0.5000176809477159
CEP,mfcc_6,animal_multi_vs_single,0.4951287678360911,0.5048712321639088,0.5041973523166797
WPE,wpe_6,animal_multi_vs_single,0.5043485897497546,0.5043485897497546,0.5003408034814476
CEP,mfcc_5,animal_multi_vs_single,0.5042037868928507,0.5042037868928507,0.5002325754193688
LEGACY,skewness,animal_multi_vs_single,0.5039551338459365,0.5039551338459365,0.5008645695487837
PHYS,frac_high_90_180,animal_multi_vs_single,0.503861036599086,0.503861036599086,0.5005065525997333
LEGACY,sta_lta_ratio,animal_multi_vs_single,0.5030614449149252,0.5030614449149252,0.5073404400842264
LEGACY,autocorr_250,animal_multi_vs_single,0.4970444559465042,0.5029555440534959,0.5021717211569654
CEP,mfcc_1,animal_multi_vs_single,0.5025985686308373,0.5025985686308373,0.5054746922851532
LEGACY,spectral_rolloff,animal_multi_vs_single,0.5025345898105809,0.5025345898105809,0.5021028227381661
WPE,wpe_5,animal_multi_vs_single,0.4974942360822321,0.5025057639177679,0.5007221949810806
ENG,comb_f0,animal_multi_vs_single,0.501855407160565,0.501855407160565,0.5006568805676184
CEP,lfcc_4,animal_multi_vs_single,0.4984062299804333,0.5015937700195667,0.5007516750234751
NL,higuchi_fd,animal_multi_vs_single,0.4984472127731717,0.5015527872268283,0.5004463082596521
WPE,wpe_4,animal_multi_vs_single,0.4986333224908947,0.5013666775091052,0.5031879319588088
PHYS,ratio_veh_foot,animal_multi_vs_single,0.4986691072385992,0.5013308927614009,0.5014444194639903
CEP,lfcc_1,animal_multi_vs_single,0.4988339071717582,0.5011660928282418,0.5053154500293768
LEGACY,autocorr_500,animal_multi_vs_single,0.4993322613735437,0.5006677386264563,0.5012147780755974
WPE,wpe_0,animal_multi_vs_single,0.5005687644526036,0.5005687644526036,0.5005488183339992
LEGACY,ratio_car_human,animal_multi_vs_single,0.5002881850908077,0.5002881850908077,0.5005146109921836
LEGACY,ratio_human_car,animal_multi_vs_single,0.4997118149545079,0.5002881850454921,0.5005146136565739
PHYS,centroid_foot_band,animal_multi_vs_single,0.4998070591064978,0.5001929408935022,0.501306969231771
CEP,mfcc_7,animal_multi_vs_single,0.5001483499168259,0.5001483499168259,0.5035011983251233
LEGACY,energy_car_peak,animal_vs_nothing,0.9593822912583332,0.9593822912583332,0.8876736264548755
LEGACY,energy_car_approach,animal_vs_nothing,0.9571083404125,0.9571083404125,0.8457072613236264
LEGACY,spectral_centroid,animal_vs_nothing,0.0537498752472222,0.9462501247527778,0.8418243369829862
LEGACY,energy_low_freq,animal_vs_nothing,0.9437285604819444,0.9437285604819444,0.8104950946761603
LEGACY,energy_car_tail,animal_vs_nothing,0.9413881460819444,0.9413881460819444,0.8089034780003249
WPE,wpe_8,animal_vs_nothing,0.0633575233555555,0.9366424766444446,0.7809040129834532
WPE,wpe_9,animal_vs_nothing,0.0668407248152777,0.9331592751847223,0.7847917267373563
WPE,wpe_11,animal_vs_nothing,0.0682664534861111,0.931733546513889,0.7773333088318712
LEGACY,peak_to_peak,animal_vs_nothing,0.931090055725,0.931090055725,0.8061599244532225
LEGACY,rms_total,animal_vs_nothing,0.9289189997347224,0.9289189997347224,0.7596484048344287
PHYS,log_rms,animal_vs_nothing,0.9289189997319444,0.9289189997319444,0.7596484037862314
LEGACY,variance,animal_vs_nothing,0.9289188381986112,0.9289188381986112,0.759649160734421
LEGACY,spectral_flatness,animal_vs_nothing,0.0728615234222222,0.9271384765777778,0.7354634224653708
AR,ar_1,animal_vs_nothing,0.0742706169319444,0.9257293830680556,0.7623976736895017
CAD,env_cv,animal_vs_nothing,0.9236666407111112,0.9236666407111112,0.781365179966952
ENG,beat_depth,animal_vs_nothing,0.9225146996930556,0.9225146996930556,0.7875289398918003
WPE,wpe_12,animal_vs_nothing,0.0776464919444444,0.9223535080555556,0.6826457406750883
WPE,wpe_10,animal_vs_nothing,0.0802148913819444,0.9197851086180556,0.756038205956446
WPE,wpe_13,animal_vs_nothing,0.0824032983347222,0.9175967016652777,0.6949401264134563
LEGACY,energy_human_peak,animal_vs_nothing,0.9167319145555556,0.9167319145555556,0.733106961106459
LEGACY,energy_mid_gap,animal_vs_nothing,0.9158229411125,0.9158229411125,0.7342407314669566
LEGACY,spectral_bandwidth,animal_vs_nothing,0.0910645762638888,0.9089354237361111,0.7517727600205647
LEGACY,mean_burst_len,animal_vs_nothing,0.9056676027,0.9056676027,0.7472176730359782
WPE,wpe_15,animal_vs_nothing,0.0951488144888888,0.9048511855111112,0.70809030504688
WPE,wpe_4,animal_vs_nothing,0.0959912620486111,0.9040087379513889,0.6076462908588744
WPE,wpe_14,animal_vs_nothing,0.1025500011652777,0.8974499988347223,0.688926745662265
CAD,env_ac_strength,animal_vs_nothing,0.8925174761861111,0.8925174761861111,0.7674160890334675
LEGACY,spectral_rolloff,animal_vs_nothing,0.1107153284875,0.8892846715125,0.7542169775313172
LEGACY,energy_human_tail,animal_vs_nothing,0.8860268029736111,0.8860268029736111,0.6855804685749198
ENG,n_lines,animal_vs_nothing,0.8761391420625,0.8761391420625,0.6813405252011172
LEGACY,zcr,animal_vs_nothing,0.1285525533569444,0.8714474466430556,0.593563864718138
CAD,env_entropy,animal_vs_nothing,0.1381245637611111,0.861875436238889,0.7166333263981908
CEP,mfcc_4,animal_vs_nothing,0.1397861806944444,0.8602138193055556,0.5471619461306517
WX,rain_impulse_rate,animal_vs_nothing,0.8469130950444445,0.8469130950444445,0.7269452219313296
NL,higuchi_fd,animal_vs_nothing,0.1610896516125,0.8389103483875,0.5284789690090012
LEGACY,event_count,animal_vs_nothing,0.1643039136152777,0.8356960863847223,0.6067322278302235
WX,highband_kurtosis,animal_vs_nothing,0.8284021601013889,0.8284021601013889,0.5937017842803816
AR,ar_2,animal_vs_nothing,0.8279658881208334,0.8279658881208334,0.5139661163831569
WPE,wpe_5,animal_vs_nothing,0.1735886898472222,0.8264113101527778,0.5381267693330756
CAD,cad_salience,animal_vs_nothing,0.8262569308222222,0.8262569308222222,0.7458345183256846
LEGACY,sta_lta_ratio,animal_vs_nothing,0.8249178097625,0.8249178097625,0.710676910058833
LEGACY,activity_concentration,animal_vs_nothing,0.8121668304263889,0.8121668304263889,0.5206963750088685
CEP,lfcc_3,animal_vs_nothing,0.8117130547680556,0.8117130547680556,0.5342957994742261
LEGACY,energy_high_freq,animal_vs_nothing,0.8000757474611111,0.8000757474611111,0.5101174618294907
CEP,mfcc_8,animal_vs_nothing,0.2012764051583333,0.7987235948416667,0.6103725031337102
ENG,line_mains,animal_vs_nothing,0.2155300523083333,0.7844699476916667,0.6381773699990314
LEGACY,burst_efficiency,animal_vs_nothing,0.7798364659027778,0.7798364659027778,0.5074749067359281
LEGACY,kurtosis,animal_vs_nothing,0.7777693396236111,0.7777693396236111,0.5411419538126657
CEP,mfcc_1,animal_vs_nothing,0.7772781665263889,0.7772781665263889,0.5255342317710248
ENG,line_stability,animal_vs_nothing,0.7725208754097223,0.7725208754097223,0.6126150533769313
PHYS,frac_foot_20_90,animal_vs_nothing,0.7653905032875,0.7653905032875,0.5377190372066579
CAD,gust_mod,animal_vs_nothing,0.251021716725,0.748978283275,0.5361520733497369
CEP,lfcc_4,animal_vs_nothing,0.2567091903138889,0.743290809686111,0.5119755469725031
LEGACY,centroid_human_band,animal_vs_nothing,0.2606091088875,0.7393908911125,0.5578951213159745
ENG,tonality_max,animal_vs_nothing,0.2690397521152777,0.7309602478847224,0.592030019424131
PHYS,frac_wind_1_5,animal_vs_nothing,0.2705218029722222,0.7294781970277777,0.5312978076891834
WPE,wpe_7,animal_vs_nothing,0.277443534,0.722556466,0.5196124483475351
ENG,comb_salience,animal_vs_nothing,0.7142099926416666,0.7142099926416666,0.6319694715519502
CEP,mfcc_7,animal_vs_nothing,0.2866180105402778,0.7133819894597222,0.5486179063090885
CEP,lfcc_2,animal_vs_nothing,0.2879416207138889,0.712058379286111,0.5125090683414324
LEGACY,spectral_entropy,animal_vs_nothing,0.2990910723347222,0.7009089276652778,0.5062334041018646
LEGACY,temporal_entropy,animal_vs_nothing,0.3001423172847222,0.6998576827152778,0.5486988067542558
WPE,wpe_2,animal_vs_nothing,0.3166598006208333,0.6833401993791667,0.558821727319083
CAD,mod_peak_count,animal_vs_nothing,0.68251972305,0.68251972305,0.6094946974816262
WPE,wpe_6,animal_vs_nothing,0.3175107507902778,0.6824892492097222,0.5277836743232533
CAD,cad_harm4,animal_vs_nothing,0.3175992310555555,0.6824007689444445,0.560716291198083
PHYS,frac_high_90_180,animal_vs_nothing,0.3226837321611111,0.6773162678388889,0.5498908534317034
ENG,hop_band_frac,animal_vs_nothing,0.3236848805152778,0.6763151194847222,0.5444924909923463
WPE,wpe_1,animal_vs_nothing,0.6702614778958333,0.6702614778958333,0.5056493926362028
CAD,cad_freq,animal_vs_nothing,0.6678866230333333,0.6678866230333333,0.5792656369878103
LEGACY,centroid_car_band,animal_vs_nothing,0.3400818858930555,0.6599181141069446,0.5126618998683246
CEP,mfcc_3,animal_vs_nothing,0.3505540108541666,0.6494459891458334,0.527103825662827
LEGACY,autocorr_250,animal_vs_nothing,0.6455206827694444,0.6455206827694444,0.5674313560843605
CAD,iii_mean,animal_vs_nothing,0.6411767928916666,0.6411767928916666,0.5480872939227872
WPE,wpe_3,animal_vs_nothing,0.6395498600236111,0.6395498600236111,0.5020403075076645
CEP,lfcc_1,animal_vs_nothing,0.3638925045861111,0.6361074954138889,0.5716910779242135
CEP,mfcc_2,animal_vs_nothing,0.3676541602597222,0.6323458397402778,0.5351603269990894
AR,ar_7,animal_vs_nothing,0.3716329319055556,0.6283670680944444,0.5587213523242818
PHYS,ratio_veh_foot,animal_vs_nothing,0.3946974536291666,0.6053025463708335,0.5466896704986447
CEP,lfcc_5,animal_vs_nothing,0.3996898377472222,0.6003101622527778,0.5280683213729092
AR,ar_4,animal_vs_nothing,0.4009406927027777,0.5990593072972223,0.5097914791119469
CAD,iii_cv,animal_vs_nothing,0.5978951317819444,0.5978951317819444,0.5467983991131801
CEP,mfcc_6,animal_vs_nothing,0.4027037517638889,0.597296248236111,0.5549300013819198
AR,ar_3,animal_vs_nothing,0.5912819512638889,0.5912819512638889,0.5638772418116011
CEP,lfcc_6,animal_vs_nothing,0.4208584643083333,0.5791415356916667,0.5064394681357586
LEGACY,autocorr_500,animal_vs_nothing,0.4490743179444444,0.5509256820555556,0.533512694912718
PHYS,frac_veh_5_25,animal_vs_nothing,0.4604469968652778,0.5395530031347222,0.5054745729585606
CAD,footfall_rate,animal_vs_nothing,0.4608283439152777,0.5391716560847223,0.5121344029913971
CEP,mfcc_5,animal_vs_nothing,0.5379580390430555,0.5379580390430555,0.5310992398189409
PHYS,centroid_foot_band,animal_vs_nothing,0.4738577526305556,0.5261422473694444,0.5589382824197787
CEP,lfcc_7,animal_vs_nothing,0.5258458333041667,0.5258458333041667,0.5014823407565837
AR,ar_8,animal_vs_nothing,0.4785335278291667,0.5214664721708333,0.5169338922497886
ENG,comb_f0,animal_vs_nothing,0.5206065214777778,0.5206065214777778,0.505536984438367
LEGACY,skewness,animal_vs_nothing,0.4868038110416666,0.5131961889583334,0.5133950526460799
CEP,lfcc_8,animal_vs_nothing,0.5129967201666666,0.5129967201666666,0.5000060639511857
CAD,cad_harm2,animal_vs_nothing,0.5112215524111111,0.5112215524111111,0.5065819864614193
LEGACY,ratio_car_human,animal_vs_nothing,0.5106844099319444,0.5106844099319444,0.5490094167172441
LEGACY,ratio_human_car,animal_vs_nothing,0.4893155901361111,0.510684409863889,0.549009419185722
WPE,wpe_0,animal_vs_nothing,0.5089948881597223,0.5089948881597223,0.5229213175078101
AR,ar_6,animal_vs_nothing,0.5037088315930556,0.5037088315930556,0.5121480958279099
LEGACY,dominant_freq,animal_vs_nothing,0.4972878624861111,0.5027121375138889,0.5284212212683987
AR,ar_5,animal_vs_nothing,0.5005060649694445,0.5005060649694445,0.5137929875728119
CAD,env_ac_strength,animal_vs_vehicle,0.9042674460851848,0.9042674460851848,0.7469286944659461
CAD,env_cv,animal_vs_vehicle,0.8750202016032403,0.8750202016032403,0.5105421809502448
CAD,gust_mod,animal_vs_vehicle,0.1355895648276198,0.8644104351723803,0.7152848092637206
CAD,env_entropy,animal_vs_vehicle,0.1383589482275733,0.8616410517724267,0.6891426034090136
ENG,beat_depth,animal_vs_vehicle,0.8585449218052182,0.8585449218052182,0.7351168200653314
WX,highband_kurtosis,animal_vs_vehicle,0.8374764452995989,0.8374764452995989,0.6774723379912833
LEGACY,activity_concentration,animal_vs_vehicle,0.828651958159158,0.828651958159158,0.5497533964920506
LEGACY,kurtosis,animal_vs_vehicle,0.8091695959787408,0.8091695959787408,0.5648000561868778
LEGACY,burst_efficiency,animal_vs_vehicle,0.7915375176114177,0.7915375176114177,0.5009737501763699
ENG,n_lines,animal_vs_vehicle,0.7834741338467746,0.7834741338467746,0.60699316993142
ENG,hop_band_frac,animal_vs_vehicle,0.2169800794125925,0.7830199205874075,0.6994288043191343
CEP,mfcc_4,animal_vs_vehicle,0.2234067963667845,0.7765932036332155,0.6466656256261195
ENG,tonality_max,animal_vs_vehicle,0.2314336514782349,0.7685663485217651,0.6083282139867685
LEGACY,temporal_entropy,animal_vs_vehicle,0.2394082965484758,0.7605917034515242,0.5007545683762041
CAD,cad_salience,animal_vs_vehicle,0.7549358086503345,0.7549358086503345,0.6709028479929017
CEP,lfcc_5,animal_vs_vehicle,0.2488921138276207,0.7511078861723793,0.5798594337023399
CEP,lfcc_4,animal_vs_vehicle,0.2701190813109831,0.7298809186890169,0.5985897734725777
CEP,lfcc_2,animal_vs_vehicle,0.7213563144535624,0.7213563144535624,0.5784590256727976
PHYS,frac_veh_5_25,animal_vs_vehicle,0.2983319750494749,0.7016680249505252,0.6272787202151634
PHYS,ratio_veh_foot,animal_vs_vehicle,0.2989659042256074,0.7010340957743926,0.6298209239722351
CAD,cad_freq,animal_vs_vehicle,0.6900821567538175,0.6900821567538175,0.5674474799262424
CEP,mfcc_2,animal_vs_vehicle,0.3231443452317152,0.6768556547682848,0.5082332890511212
WPE,wpe_0,animal_vs_vehicle,0.3241680461086261,0.675831953891374,0.5903070345857063
CAD,iii_mean,animal_vs_vehicle,0.6741399002854775,0.6741399002854775,0.5022983869947738
LEGACY,sta_lta_ratio,animal_vs_vehicle,0.6721427324994707,0.6721427324994707,0.505735885222297
LEGACY,spectral_bandwidth,animal_vs_vehicle,0.3343241647125051,0.665675835287495,0.5567397655285604
WX,rain_impulse_rate,animal_vs_vehicle,0.6588040975215916,0.6588040975215916,0.5561816885066252
LEGACY,peak_to_peak,animal_vs_vehicle,0.6580239337990207,0.6580239337990207,0.5790200559082346
LEGACY,energy_human_peak,animal_vs_vehicle,0.6575574950699359,0.6575574950699359,0.5314693854211519
AR,ar_2,animal_vs_vehicle,0.655541030237436,0.655541030237436,0.5319728096572492
LEGACY,energy_human_tail,animal_vs_vehicle,0.650885270088214,0.650885270088214,0.5414544686313044
ENG,comb_salience,animal_vs_vehicle,0.3496687683466791,0.650331231653321,0.5093012535628826
AR,ar_1,animal_vs_vehicle,0.3545394878528274,0.6454605121471726,0.5470497192257312
CAD,footfall_rate,animal_vs_vehicle,0.6389099382423962,0.6389099382423962,0.545362608118879
LEGACY,energy_mid_gap,animal_vs_vehicle,0.6376453268700041,0.6376453268700041,0.5141501006542128
PHYS,log_rms,animal_vs_vehicle,0.6354830919148692,0.6354830919148692,0.5264781948291537
LEGACY,rms_total,animal_vs_vehicle,0.6354830917601919,0.6354830917601919,0.5264781963437424
LEGACY,variance,animal_vs_vehicle,0.6354830864031316,0.6354830864031316,0.5264784341341608
LEGACY,energy_car_tail,animal_vs_vehicle,0.6338382088944196,0.6338382088944196,0.518934253316688
CEP,lfcc_3,animal_vs_vehicle,0.6336768905151057,0.6336768905151057,0.5156474481879694
PHYS,centroid_foot_band,animal_vs_vehicle,0.6327170340838882,0.6327170340838882,0.5671911568599592
WPE,wpe_8,animal_vs_vehicle,0.3759155053522676,0.6240844946477324,0.5083391635432789
LEGACY,energy_car_peak,animal_vs_vehicle,0.6199781056484636,0.6199781056484636,0.5140452759493617
LEGACY,energy_high_freq,animal_vs_vehicle,0.6147881801157421,0.6147881801157421,0.5095054144984308
ENG,line_stability,animal_vs_vehicle,0.6095886247473968,0.6095886247473968,0.5397570890021732
WPE,wpe_3,animal_vs_vehicle,0.6086221381707654,0.6086221381707654,0.5039918574260026
CEP,lfcc_7,animal_vs_vehicle,0.6083989595843671,0.6083989595843671,0.5045704242329798
CAD,cad_harm4,animal_vs_vehicle,0.3960087502995509,0.6039912497004492,0.5017179730844872
LEGACY,spectral_flatness,animal_vs_vehicle,0.400499379722557,0.599500620277443,0.5099075497846213
LEGACY,ratio_car_human,animal_vs_vehicle,0.4023621157033543,0.5976378842966457,0.5829714650632463
LEGACY,ratio_human_car,animal_vs_vehicle,0.5976378841659324,0.5976378841659324,0.5829714647388267
LEGACY,energy_car_approach,animal_vs_vehicle,0.5963231187459207,0.5963231187459207,0.505558653638744
LEGACY,centroid_car_band,animal_vs_vehicle,0.5932872053834645,0.5932872053834645,0.5505127634918483
WPE,wpe_9,animal_vs_vehicle,0.4079008774468411,0.5920991225531589,0.5060781829794485
PHYS,frac_foot_20_90,animal_vs_vehicle,0.5916831936903022,0.5916831936903022,0.5153916520567504
WPE,wpe_12,animal_vs_vehicle,0.4097509958054152,0.5902490041945848,0.519180822572794
WPE,wpe_13,animal_vs_vehicle,0.4098831151295236,0.5901168848704764,0.5079902440612172
CEP,mfcc_6,animal_vs_vehicle,0.5885555010191268,0.5885555010191268,0.5097954023746898
CEP,lfcc_8,animal_vs_vehicle,0.5843087573014184,0.5843087573014184,0.5544048664464141
LEGACY,event_count,animal_vs_vehicle,0.5799886699371095,0.5799886699371095,0.5171784899114875
LEGACY,spectral_entropy,animal_vs_vehicle,0.5766061930668005,0.5766061930668005,0.513121089250669
CEP,lfcc_1,animal_vs_vehicle,0.4234806621296134,0.5765193378703866,0.5070279742440825
LEGACY,dominant_freq,animal_vs_vehicle,0.5748488221307811,0.5748488221307811,0.5291894603083096
WPE,wpe_1,animal_vs_vehicle,0.5716300370767835,0.5716300370767835,0.5102477068950322
PHYS,frac_wind_1_5,animal_vs_vehicle,0.5709452558884093,0.5709452558884093,0.5010663075477051
CAD,mod_peak_count,animal_vs_vehicle,0.5641162246819531,0.5641162246819531,0.5027548468937497
CAD,cad_harm2,animal_vs_vehicle,0.5631602143608432,0.5631602143608432,0.5127894165505875
ENG,comb_f0,animal_vs_vehicle,0.4380279775169033,0.5619720224830966,0.51131206071877
WPE,wpe_11,animal_vs_vehicle,0.4386611805248743,0.5613388194751256,0.5144165074989148
CEP,mfcc_1,animal_vs_vehicle,0.4387694141371495,0.5612305858628506,0.5823866061307233
WPE,wpe_15,animal_vs_vehicle,0.4402742466914324,0.5597257533085676,0.5113081352838003
CEP,mfcc_8,animal_vs_vehicle,0.4419925849177945,0.5580074150822055,0.5122947156766181
AR,ar_4,animal_vs_vehicle,0.4430597653982263,0.5569402346017738,0.5043160344548991
AR,ar_7,animal_vs_vehicle,0.4478107653254626,0.5521892346745374,0.5074859657634999
WPE,wpe_7,animal_vs_vehicle,0.5505282952064876,0.5505282952064876,0.5053156491917897
WPE,wpe_4,animal_vs_vehicle,0.4509205479451458,0.5490794520548542,0.5112346487231811
LEGACY,energy_low_freq,animal_vs_vehicle,0.5486585555260725,0.5486585555260725,0.5177889464939283
CEP,lfcc_6,animal_vs_vehicle,0.4520865885132774,0.5479134114867226,0.5158092128877578
AR,ar_3,animal_vs_vehicle,0.4574504577487188,0.5425495422512812,0.5130533019034659
WPE,wpe_10,animal_vs_vehicle,0.4575922119016932,0.5424077880983068,0.5028556837988039
AR,ar_5,animal_vs_vehicle,0.5415742800712126,0.5415742800712126,0.5018549052667725
WPE,wpe_2,animal_vs_vehicle,0.5413318793064534,0.5413318793064534,0.5132735200236274
AR,ar_6,animal_vs_vehicle,0.5413235394047846,0.5413235394047846,0.5162752627046107
WPE,wpe_6,animal_vs_vehicle,0.539727416145339,0.539727416145339,0.502744063710172
PHYS,frac_high_90_180,animal_vs_vehicle,0.5373196102678661,0.5373196102678661,0.5137340305869984
CEP,mfcc_5,animal_vs_vehicle,0.5360773742931687,0.5360773742931687,0.5200289354942661
WPE,wpe_5,animal_vs_vehicle,0.5332184504457754,0.5332184504457754,0.5053573854360307
CEP,mfcc_7,animal_vs_vehicle,0.4695848202214978,0.5304151797785022,0.5146698648998222
AR,ar_8,animal_vs_vehicle,0.5287402877192386,0.5287402877192386,0.5039866007848794
CAD,iii_cv,animal_vs_vehicle,0.5270439219803739,0.5270439219803739,0.5014097340677075
LEGACY,centroid_human_band,animal_vs_vehicle,0.4748280873508018,0.5251719126491983,0.5054979732220681
LEGACY,spectral_rolloff,animal_vs_vehicle,0.5251617604380981,0.5251617604380981,0.5017586705859549
WPE,wpe_14,animal_vs_vehicle,0.4776898222388373,0.5223101777611627,0.501526606018662
ENG,line_mains,animal_vs_vehicle,0.4797944304697569,0.5202055695302431,0.5016588204838305
LEGACY,autocorr_500,animal_vs_vehicle,0.479863312249303,0.520136687750697,0.5020218152629121
LEGACY,spectral_centroid,animal_vs_vehicle,0.4847681491563338,0.5152318508436662,0.5094932648401663
NL,higuchi_fd,animal_vs_vehicle,0.5151766608063607,0.5151766608063607,0.5127763689154023
LEGACY,autocorr_250,animal_vs_vehicle,0.5143587201832424,0.5143587201832424,0.5001557694879057
LEGACY,zcr,animal_vs_vehicle,0.5061663258539272,0.5061663258539272,0.5161262508311995
LEGACY,mean_burst_len,animal_vs_vehicle,0.5049108205147309,0.5049108205147309,0.528502236201519
CEP,mfcc_3,animal_vs_vehicle,0.5028853325538473,0.5028853325538473,0.5406376004593487
LEGACY,skewness,animal_vs_vehicle,0.5004322686856619,0.5004322686856619,0.5145657294019494
ENG,beat_depth,human_multi_vs_single,0.2938295905561967,0.7061704094438033,0.6090032258356045
LEGACY,sta_lta_ratio,human_multi_vs_single,0.3012275608437049,0.698772439156295,0.6522258005760022
CAD,env_cv,human_multi_vs_single,0.3170644519775238,0.6829355480224761,0.6501965521238673
WX,highband_kurtosis,human_multi_vs_single,0.3173311242901223,0.6826688757098778,0.5259448070581335
CAD,env_ac_strength,human_multi_vs_single,0.3224792537029454,0.6775207462970546,0.6396473516736254
LEGACY,temporal_entropy,human_multi_vs_single,0.6690070427984381,0.6690070427984381,0.6556607183978872
LEGACY,kurtosis,human_multi_vs_single,0.3332914109297381,0.666708589070262,0.6490919580825143
LEGACY,activity_concentration,human_multi_vs_single,0.3382857896187238,0.6617142103812762,0.6237315194508071
LEGACY,burst_efficiency,human_multi_vs_single,0.3690286011221548,0.6309713988778451,0.5624161763111908
CAD,cad_salience,human_multi_vs_single,0.3719926461737954,0.6280073538262045,0.5835291965333357
CAD,env_entropy,human_multi_vs_single,0.604430054866876,0.604430054866876,0.5592291576577526
LEGACY,rms_total,human_multi_vs_single,0.6031657437946453,0.6031657437946453,0.5072936236995699
PHYS,log_rms,human_multi_vs_single,0.6031657436602184,0.6031657436602184,0.507293452218045
LEGACY,variance,human_multi_vs_single,0.6031655863755185,0.6031655863755185,0.5072965388854935
WPE,wpe_8,human_multi_vs_single,0.4055560715327154,0.5944439284672847,0.5053179850509266
WPE,wpe_9,human_multi_vs_single,0.4097952194158011,0.5902047805841989,0.5035723031272057
AR,ar_1,human_multi_vs_single,0.414569383667953,0.5854306163320471,0.5243908461790143
LEGACY,spectral_bandwidth,human_multi_vs_single,0.416198425824244,0.5838015741757561,0.5197946684730566
CAD,cad_harm2,human_multi_vs_single,0.4166182309155095,0.5833817690844905,0.5209366864804863
WPE,wpe_12,human_multi_vs_single,0.4184102348749002,0.5815897651250999,0.5059884778133774
AR,ar_2,human_multi_vs_single,0.5777452074776541,0.5777452074776541,0.520446561089817
ENG,n_lines,human_multi_vs_single,0.5764078154173233,0.5764078154173233,0.5015199990865382
LEGACY,energy_car_tail,human_multi_vs_single,0.574208741603486,0.574208741603486,0.5125569061440458
LEGACY,energy_mid_gap,human_multi_vs_single,0.573043950296153,0.573043950296153,0.5133374900454974
CAD,footfall_rate,human_multi_vs_single,0.5725762859333573,0.5725762859333573,0.5022736735389602
LEGACY,energy_car_peak,human_multi_vs_single,0.5716609698697507,0.5716609698697507,0.5132003048255588
LEGACY,event_count,human_multi_vs_single,0.5716323799205434,0.5716323799205434,0.5165206659995736
CAD,cad_freq,human_multi_vs_single,0.5707867228623013,0.5707867228623013,0.5163159526518932
LEGACY,spectral_flatness,human_multi_vs_single,0.4296419132625627,0.5703580867374374,0.506399347547094
LEGACY,energy_high_freq,human_multi_vs_single,0.5703228149416587,0.5703228149416587,0.5145527570842001
WPE,wpe_13,human_multi_vs_single,0.4300565596783267,0.5699434403216733,0.5040505053934077
WPE,wpe_11,human_multi_vs_single,0.4300699770905458,0.5699300229094542,0.5053207287553254
LEGACY,energy_car_approach,human_multi_vs_single,0.5670556152669719,0.5670556152669719,0.5249196952018784
LEGACY,energy_low_freq,human_multi_vs_single,0.5664051590374203,0.5664051590374203,0.5298102835682895
LEGACY,energy_human_peak,human_multi_vs_single,0.5654069717486258,0.5654069717486258,0.511826619254976
LEGACY,peak_to_peak,human_multi_vs_single,0.5653127244257902,0.5653127244257902,0.54689303953703
LEGACY,energy_human_tail,human_multi_vs_single,0.5632834682617975,0.5632834682617975,0.5089104414503178
CAD,iii_mean,human_multi_vs_single,0.4378222356338954,0.5621777643661046,0.5052743631223457
ENG,comb_salience,human_multi_vs_single,0.56114825046429,0.56114825046429,0.5201330468132016
WPE,wpe_15,human_multi_vs_single,0.441787887247846,0.558212112752154,0.5048323493723434
LEGACY,spectral_centroid,human_multi_vs_single,0.4446431566446207,0.5553568433553793,0.5030660896656316
WPE,wpe_10,human_multi_vs_single,0.4458642770932344,0.5541357229067656,0.5067135017007538
WPE,wpe_14,human_multi_vs_single,0.4480426614622756,0.5519573385377243,0.5076213248936986
AR,ar_4,human_multi_vs_single,0.4481908995179243,0.5518091004820758,0.5043472880359837
WPE,wpe_4,human_multi_vs_single,0.4549627060041279,0.5450372939958721,0.5059476652104455
LEGACY,zcr,human_multi_vs_single,0.4569257921624953,0.5430742078375047,0.5099979269711394
NL,higuchi_fd,human_multi_vs_single,0.458077841144573,0.541922158855427,0.5062923430755417
CAD,gust_mod,human_multi_vs_single,0.5357018553865912,0.5357018553865912,0.5004817117202264
CEP,lfcc_8,human_multi_vs_single,0.4656737279074481,0.5343262720925519,0.5005660840367101
CAD,iii_cv,human_multi_vs_single,0.4688402252892247,0.5311597747107752,0.5042723802859156
WPE,wpe_5,human_multi_vs_single,0.4694685143288786,0.5305314856711214,0.5052929010565554
CEP,lfcc_6,human_multi_vs_single,0.4698458303449189,0.5301541696550811,0.5175250688841285
LEGACY,spectral_entropy,human_multi_vs_single,0.4755442920456472,0.5244557079543528,0.5162973154190095
WX,rain_impulse_rate,human_multi_vs_single,0.52350950917102,0.52350950917102,0.5025770869433266
CEP,lfcc_5,human_multi_vs_single,0.4765048840981192,0.5234951159018808,0.5031204206945269
AR,ar_3,human_multi_vs_single,0.4783214306336266,0.5216785693663735,0.5000157743173494
AR,ar_6,human_multi_vs_single,0.5207743977879529,0.5207743977879529,0.5015488915424113
LEGACY,spectral_rolloff,human_multi_vs_single,0.4798161305978483,0.5201838694021517,0.5172706799152273
CEP,mfcc_3,human_multi_vs_single,0.518311067965231,0.518311067965231,0.5057450321172743
CEP,lfcc_4,human_multi_vs_single,0.4832412267544785,0.5167587732455214,0.5000850766288039
AR,ar_7,human_multi_vs_single,0.4838196530802384,0.5161803469197617,0.5052229823770452
WPE,wpe_1,human_multi_vs_single,0.4849240172666245,0.5150759827333755,0.5000405585592786
CEP,mfcc_1,human_multi_vs_single,0.5143274489177596,0.5143274489177596,0.5009905979795855
PHYS,frac_foot_20_90,human_multi_vs_single,0.4868201202862673,0.5131798797137327,0.5029120347682398
WPE,wpe_3,human_multi_vs_single,0.4869699491142298,0.5130300508857701,0.5044593627708556
WPE,wpe_7,human_multi_vs_single,0.4874815876960048,0.5125184123039952,0.5028513874965589
LEGACY,skewness,human_multi_vs_single,0.4889638927148866,0.5110361072851134,0.500659687387935
WPE,wpe_0,human_multi_vs_single,0.5109567865910153,0.5109567865910153,0.5003455421943848
LEGACY,mean_burst_len,human_multi_vs_single,0.4893701928664788,0.5106298071335211,0.5004477461612618
ENG,hop_band_frac,human_multi_vs_single,0.4894698331347951,0.5105301668652049,0.5000393561621158
LEGACY,ratio_human_car,human_multi_vs_single,0.4897851639491742,0.5102148360508258,0.500364922111738
LEGACY,ratio_car_human,human_multi_vs_single,0.5102148360198042,0.5102148360198042,0.500364919713526
PHYS,frac_wind_1_5,human_multi_vs_single,0.4907404157670402,0.5092595842329598,0.5005355938577918
WPE,wpe_6,human_multi_vs_single,0.491010175494381,0.508989824505619,0.5000369014242166
PHYS,frac_high_90_180,human_multi_vs_single,0.4910618977000583,0.5089381022999417,0.5033660956136183
LEGACY,centroid_car_band,human_multi_vs_single,0.491067347373711,0.508932652626289,0.5026716452042372
CAD,cad_harm4,human_multi_vs_single,0.5087719174504792,0.5087719174504792,0.5001052055608564
ENG,line_mains,human_multi_vs_single,0.491885015148883,0.5081149848511171,0.5002642148195
CEP,mfcc_2,human_multi_vs_single,0.4922076074898559,0.5077923925101441,0.5040020301003317
ENG,comb_f0,human_multi_vs_single,0.4922813342236533,0.5077186657763467,0.5002248016307381
PHYS,centroid_foot_band,human_multi_vs_single,0.4926443022931169,0.5073556977068832,0.5010895054960166
CEP,lfcc_7,human_multi_vs_single,0.4935226056440705,0.5064773943559295,0.5000741945903733
AR,ar_5,human_multi_vs_single,0.5061748124433856,0.5061748124433856,0.5012094285955876
CAD,mod_peak_count,human_multi_vs_single,0.5061386999518132,0.5061386999518132,0.5008695127912131
CEP,mfcc_7,human_multi_vs_single,0.5059393835283558,0.5059393835283558,0.5005618719665825
CEP,lfcc_1,human_multi_vs_single,0.5050110062012185,0.5050110062012185,0.5009140762972408
CEP,lfcc_3,human_multi_vs_single,0.4952478495255762,0.5047521504744238,0.5039658325576154
AR,ar_8,human_multi_vs_single,0.5044722112922773,0.5044722112922773,0.501251421345456
WPE,wpe_2,human_multi_vs_single,0.4956959173088138,0.5043040826911862,0.5011627815342992
LEGACY,autocorr_250,human_multi_vs_single,0.4958995300692402,0.5041004699307599,0.5001631167790856
CEP,mfcc_8,human_multi_vs_single,0.5039720285440114,0.5039720285440114,0.5035732457650888
PHYS,ratio_veh_foot,human_multi_vs_single,0.5036755488186974,0.5036755488186974,0.5056113721250308
ENG,line_stability,human_multi_vs_single,0.5033518415044237,0.5033518415044237,0.5040696946443974
CEP,mfcc_6,human_multi_vs_single,0.4966950221649356,0.5033049778350644,0.5013767970191415
LEGACY,dominant_freq,human_multi_vs_single,0.4973814056664061,0.5026185943335939,0.5039571267637252
LEGACY,autocorr_500,human_multi_vs_single,0.4978981502851919,0.5021018497148081,0.5012765535139676
PHYS,frac_veh_5_25,human_multi_vs_single,0.5017904501751687,0.5017904501751687,0.5042153219989627
LEGACY,centroid_human_band,human_multi_vs_single,0.5008881453320759,0.5008881453320759,0.5011722975750323
CEP,mfcc_5,human_multi_vs_single,0.500679040512146,0.500679040512146,0.5001625603939299
CEP,mfcc_4,human_multi_vs_single,0.500594129507956,0.500594129507956,0.5040401512373804
CEP,lfcc_2,human_multi_vs_single,0.4997749178237725,0.5002250821762275,0.5002212346949482
ENG,tonality_max,human_multi_vs_single,0.4998252963907398,0.5001747036092602,0.5016935515401442
ENG,n_lines,human_vs_animal,0.0759275480611111,0.9240724519388889,0.672207165421862
LEGACY,sta_lta_ratio,human_vs_animal,0.8867994250555555,0.8867994250555555,0.7682312811329772
CAD,footfall_rate,human_vs_animal,0.1168640933319444,0.8831359066680555,0.7139936513130958
CAD,cad_freq,human_vs_animal,0.1204277862444444,0.8795722137555556,0.7049318241871595
ENG,comb_salience,human_vs_animal,0.1441814453472222,0.8558185546527778,0.6488357400806525
CAD,env_ac_strength,human_vs_animal,0.1992840214819444,0.8007159785180555,0.6989714034318972
CAD,gust_mod,human_vs_animal,0.7983496162333333,0.7983496162333333,0.591083840337291
WX,highband_kurtosis,human_vs_animal,0.7960082801347222,0.7960082801347222,0.529351666976703
CAD,iii_cv,human_vs_animal,0.7870753166527777,0.7870753166527777,0.7102497251973009
CEP,mfcc_4,human_vs_animal,0.7533472639138888,0.7533472639138888,0.596511456978631
LEGACY,kurtosis,human_vs_animal,0.7415481485569444,0.7415481485569444,0.6923042267757065
LEGACY,temporal_entropy,human_vs_animal,0.2731394441694444,0.7268605558305556,0.6860253999045747
CAD,env_entropy,human_vs_animal,0.7194699351916667,0.7194699351916667,0.5214111153712552
LEGACY,energy_mid_gap,human_vs_animal,0.2905445210194444,0.7094554789805556,0.6019503969424338
LEGACY,energy_human_peak,human_vs_animal,0.2921894793055555,0.7078105206944445,0.6098248460496293
LEGACY,variance,human_vs_animal,0.2925874907444444,0.7074125092555557,0.6387036194371181
LEGACY,rms_total,human_vs_animal,0.2925879734361111,0.7074120265638889,0.6387016298093984
PHYS,log_rms,human_vs_animal,0.2925879735305555,0.7074120264694446,0.6387016590686295
LEGACY,energy_car_tail,human_vs_animal,0.3040053299513889,0.695994670048611,0.6320944272634239
LEGACY,event_count,human_vs_animal,0.3062716041138889,0.6937283958861111,0.5075783495822863
LEGACY,energy_human_tail,human_vs_animal,0.3077574348333333,0.6922425651666667,0.6082750430929957
LEGACY,energy_car_peak,human_vs_animal,0.3232345927472222,0.6767654072527778,0.6532201773530741
AR,ar_2,human_vs_animal,0.3266735698,0.6733264301999999,0.6206888863608913
WPE,wpe_8,human_vs_animal,0.6710649989541667,0.6710649989541667,0.6398332013156823
ENG,beat_depth,human_vs_animal,0.6700257519291667,0.6700257519291667,0.543075944894491
AR,ar_1,human_vs_animal,0.6651693043944444,0.6651693043944444,0.6223836010928203
ENG,hop_band_frac,human_vs_animal,0.6634562043041666,0.6634562043041666,0.6250139196758356
CAD,env_cv,human_vs_animal,0.6620459291791667,0.6620459291791667,0.5138468241749068
LEGACY,spectral_bandwidth,human_vs_animal,0.6554044584611111,0.6554044584611111,0.6258864344060663
LEGACY,energy_car_approach,human_vs_animal,0.3480381562,0.6519618438,0.6295124566835602
ENG,tonality_max,human_vs_animal,0.3520593288680556,0.6479406711319444,0.5229893290413553
PHYS,ratio_veh_foot,human_vs_animal,0.6431597184388889,0.6431597184388889,0.6211605451673581
LEGACY,peak_to_peak,human_vs_animal,0.3572767432263889,0.6427232567736111,0.5739594949248108
PHYS,frac_veh_5_25,human_vs_animal,0.6424490350986111,0.6424490350986111,0.6233192034654165
PHYS,frac_wind_1_5,human_vs_animal,0.6423297537513889,0.6423297537513889,0.5727430957808843
LEGACY,energy_high_freq,human_vs_animal,0.3617254092888889,0.6382745907111111,0.5563991577086604
CEP,lfcc_1,human_vs_animal,0.6332236759416666,0.6332236759416666,0.5631196227384955
WPE,wpe_9,human_vs_animal,0.6318709639166666,0.6318709639166666,0.5807516913745355
CAD,iii_mean,human_vs_animal,0.6304752578152778,0.6304752578152778,0.6059713641723696
WPE,wpe_12,human_vs_animal,0.6275895089194444,0.6275895089194444,0.5612566744255955
LEGACY,spectral_flatness,human_vs_animal,0.6275306727694444,0.6275306727694444,0.588829533764149
WPE,wpe_13,human_vs_animal,0.6274781479013889,0.6274781479013889,0.6131275322512321
CEP,lfcc_6,human_vs_animal,0.3759552195680555,0.6240447804319444,0.5381313908012724
LEGACY,energy_low_freq,human_vs_animal,0.3808734223638889,0.6191265776361111,0.5927331076802478
WPE,wpe_0,human_vs_animal,0.6111727987208333,0.6111727987208333,0.5803949688446409
AR,ar_3,human_vs_animal,0.6052922732805556,0.6052922732805556,0.5303108653079359
LEGACY,dominant_freq,human_vs_animal,0.3947360785208333,0.6052639214791666,0.514377398459382
CEP,lfcc_3,human_vs_animal,0.3955834116486111,0.6044165883513889,0.5633304774143115
LEGACY,activity_concentration,human_vs_animal,0.6030033707041667,0.6030033707041667,0.5307626774097025
ENG,line_mains,human_vs_animal,0.4017470404041666,0.5982529595958335,0.5011728607148611
WPE,wpe_1,human_vs_animal,0.4076598669,0.5923401331,0.5098915300445275
ENG,line_stability,human_vs_animal,0.4126085861166667,0.5873914138833334,0.5374198319651737
PHYS,frac_foot_20_90,human_vs_animal,0.4138584746291666,0.5861415253708334,0.5117472062670455
WPE,wpe_11,human_vs_animal,0.5785453935583333,0.5785453935583333,0.5665034194320941
CEP,mfcc_2,human_vs_animal,0.5773698274555555,0.5773698274555555,0.5495102707764004
CEP,mfcc_8,human_vs_animal,0.5769482953722223,0.5769482953722223,0.5335956321296237
CEP,mfcc_5,human_vs_animal,0.4241085621944444,0.5758914378055555,0.5097110659823467
WPE,wpe_15,human_vs_animal,0.5756630992777778,0.5756630992777778,0.5490555212069883
LEGACY,centroid_car_band,human_vs_animal,0.4314580328944444,0.5685419671055556,0.5008533898991624
LEGACY,spectral_entropy,human_vs_animal,0.5673142516541667,0.5673142516541667,0.533843951472572
AR,ar_4,human_vs_animal,0.5654630669027778,0.5654630669027778,0.5036132877370004
WPE,wpe_3,human_vs_animal,0.4345392054486111,0.565460794551389,0.5114869279941994
CEP,mfcc_3,human_vs_animal,0.5633890728458333,0.5633890728458333,0.5292233608444131
WPE,wpe_10,human_vs_animal,0.5608752275638889,0.5608752275638889,0.5185208569131011
AR,ar_7,human_vs_animal,0.5586511106208333,0.5586511106208333,0.5164085920089222
LEGACY,autocorr_250,human_vs_animal,0.4437954455694444,0.5562045544305556,0.5011046759898199
LEGACY,ratio_human_car,human_vs_animal,0.4446399060333333,0.5553600939666667,0.5171965484920815
LEGACY,ratio_car_human,human_vs_animal,0.5553600939194444,0.5553600939194444,0.517196548912441
LEGACY,centroid_human_band,human_vs_animal,0.5548109291986111,0.5548109291986111,0.5064367967836381
CEP,lfcc_7,human_vs_animal,0.5546522455361111,0.5546522455361111,0.5010286163860085
LEGACY,mean_burst_len,human_vs_animal,0.5540114870833334,0.5540114870833334,0.502042199442284
PHYS,centroid_foot_band,human_vs_animal,0.4470687023847222,0.5529312976152778,0.5065102959723381
CEP,lfcc_4,human_vs_animal,0.5522301115527778,0.5522301115527778,0.5434584889333591
AR,ar_8,human_vs_animal,0.4477853252777777,0.5522146747222223,0.5011125216536895
WX,rain_impulse_rate,human_vs_animal,0.4520685641833333,0.5479314358166667,0.5011242633335656
AR,ar_5,human_vs_animal,0.4567327089013889,0.5432672910986112,0.5252241995190545
WPE,wpe_14,human_vs_animal,0.5399980473819445,0.5399980473819445,0.5257703416575953
CEP,lfcc_2,human_vs_animal,0.4609962355,0.5390037645,0.5064823113831668
WPE,wpe_5,human_vs_animal,0.4647462515055555,0.5352537484944445,0.5000957762081361
WPE,wpe_7,human_vs_animal,0.4666563558319444,0.5333436441680556,0.500881134062049
CAD,cad_harm2,human_vs_animal,0.4685711681277777,0.5314288318722222,0.5066000236241979
CAD,cad_salience,human_vs_animal,0.4705225701055555,0.5294774298944445,0.5032896053538809
WPE,wpe_4,human_vs_animal,0.5294562996625,0.5294562996625,0.5019243201626088
CEP,mfcc_7,human_vs_animal,0.5291184457666667,0.5291184457666667,0.5029384667812673
AR,ar_6,human_vs_animal,0.4709890323347222,0.5290109676652778,0.5013696098115692
LEGACY,spectral_centroid,human_vs_animal,0.5270791222569444,0.5270791222569444,0.5162105836746985
CAD,mod_peak_count,human_vs_animal,0.5255776093972222,0.5255776093972222,0.5025615208123245
ENG,comb_f0,human_vs_animal,0.5246125777972223,0.5246125777972223,0.5013944515148182
CEP,lfcc_8,human_vs_animal,0.4762780845152777,0.5237219154847224,0.5035561596170467
LEGACY,spectral_rolloff,human_vs_animal,0.4784079408138889,0.5215920591861112,0.5056881918443084
LEGACY,autocorr_500,human_vs_animal,0.5169675103388889,0.5169675103388889,0.5011024779505638
WPE,wpe_6,human_vs_animal,0.4832681062777778,0.5167318937222223,0.5016507155727696
CEP,mfcc_1,human_vs_animal,0.5165620702430556,0.5165620702430556,0.5019455719801189
LEGACY,zcr,human_vs_animal,0.4837807507708333,0.5162192492291666,0.50272550054626
CEP,lfcc_5,human_vs_animal,0.5155836164875,0.5155836164875,0.5026522878520913
LEGACY,skewness,human_vs_animal,0.5150328000777777,0.5150328000777777,0.5048137057831048
NL,higuchi_fd,human_vs_animal,0.5147016832930555,0.5147016832930555,0.5053014819876968
PHYS,frac_high_90_180,human_vs_animal,0.4916995553625,0.5083004446375,0.5009290451558441
CAD,cad_harm4,human_vs_animal,0.5054682344319444,0.5054682344319444,0.5033755524792858
LEGACY,burst_efficiency,human_vs_animal,0.5054462593291666,0.5054462593291666,0.5034247699328351
CEP,mfcc_6,human_vs_animal,0.5030077202569444,0.5030077202569444,0.5050775597734357
WPE,wpe_2,human_vs_animal,0.4977173051694444,0.5022826948305557,0.5026159678666724
ENG,beat_depth,human_vs_nothing,0.9762790155611112,0.9762790155611112,0.9094589488547616
LEGACY,sta_lta_ratio,human_vs_nothing,0.9722884092013888,0.9722884092013888,0.908744811554985
CAD,env_cv,human_vs_nothing,0.9714040868791668,0.9714040868791668,0.9080195646983306
LEGACY,event_count,human_vs_nothing,0.0601976154208333,0.9398023845791668,0.8363767632927139
LEGACY,spectral_centroid,human_vs_nothing,0.0626016426180555,0.9373983573819444,0.7595821326946579
WX,highband_kurtosis,human_vs_nothing,0.9344922284527778,0.9344922284527778,0.7310047530040208
LEGACY,energy_car_approach,human_vs_nothing,0.9231963477458334,0.9231963477458334,0.6680072458134602
LEGACY,energy_car_peak,human_vs_nothing,0.9218864066236112,0.9218864066236112,0.6981861930484577
LEGACY,mean_burst_len,human_vs_nothing,0.9215427040791668,0.9215427040791668,0.63372940224173
LEGACY,energy_low_freq,human_vs_nothing,0.9150674155736112,0.9150674155736112,0.6569118102402426
LEGACY,kurtosis,human_vs_nothing,0.9119620370861112,0.9119620370861112,0.7444229927293874
WPE,wpe_10,human_vs_nothing,0.0882999982111111,0.9117000017888889,0.673944654628793
WPE,wpe_14,human_vs_nothing,0.092095827675,0.907904172325,0.6708316107259076
WPE,wpe_4,human_vs_nothing,0.0924126712541666,0.9075873287458334,0.5914888551049959
LEGACY,peak_to_peak,human_vs_nothing,0.9063194440527778,0.9063194440527778,0.7763549069368803
WPE,wpe_11,human_vs_nothing,0.0943458242097222,0.9056541757902778,0.670295339777532
WPE,wpe_12,human_vs_nothing,0.0948879852319444,0.9051120147680556,0.6491484548018187
LEGACY,activity_concentration,human_vs_nothing,0.9050968627888888,0.9050968627888888,0.7522647231861932
WX,rain_impulse_rate,human_vs_nothing,0.9007414115986112,0.9007414115986112,0.6881228828574583
LEGACY,spectral_rolloff,human_vs_nothing,0.1080989966305555,0.8919010033694446,0.6707010229698981
WPE,wpe_15,human_vs_nothing,0.1082412607847222,0.8917587392152778,0.5876272193058261
WPE,wpe_9,human_vs_nothing,0.1089497365430555,0.8910502634569445,0.6600265600380419
WPE,wpe_8,human_vs_nothing,0.1091270033069444,0.8908729966930555,0.6578597414083268
WPE,wpe_13,human_vs_nothing,0.1099295589,0.8900704411,0.5482620069921931
LEGACY,energy_car_tail,human_vs_nothing,0.8883331063791666,0.8883331063791666,0.5094341556232374
LEGACY,temporal_entropy,human_vs_nothing,0.1137001912222222,0.8862998087777778,0.6046031307559983
LEGACY,spectral_flatness,human_vs_nothing,0.1148697294569444,0.8851302705430556,0.5959866189450376
PHYS,log_rms,human_vs_nothing,0.8736318117333334,0.8736318117333334,0.6151241861405716
LEGACY,rms_total,human_vs_nothing,0.8736318116569445,0.8736318116569445,0.6151241913064308
LEGACY,variance,human_vs_nothing,0.8736312275027778,0.8736312275027778,0.6151250199102547
LEGACY,zcr,human_vs_nothing,0.1303029457597222,0.8696970542402778,0.5254495270796367
AR,ar_1,human_vs_nothing,0.1304577559486111,0.8695422440513889,0.6906893256881449
CAD,cad_salience,human_vs_nothing,0.8645520568694445,0.8645520568694445,0.7495729766430674
NL,higuchi_fd,human_vs_nothing,0.1436093077236111,0.8563906922763889,0.5814972009845483
LEGACY,spectral_bandwidth,human_vs_nothing,0.1477247137416666,0.8522752862583334,0.6468508690807607
LEGACY,energy_human_peak,human_vs_nothing,0.841892267475,0.841892267475,0.6054891578977258
LEGACY,energy_mid_gap,human_vs_nothing,0.8359056916736111,0.8359056916736111,0.5902101912914375
WPE,wpe_5,human_vs_nothing,0.1683162162777778,0.8316837837222222,0.5283993909336204
CEP,mfcc_1,human_vs_nothing,0.8193889823486111,0.8193889823486111,0.5226037204865449
ENG,line_mains,human_vs_nothing,0.1952705886347222,0.8047294113652779,0.5970880582282381
CAD,footfall_rate,human_vs_nothing,0.1987718325805555,0.8012281674194445,0.7126803388033336
LEGACY,energy_human_tail,human_vs_nothing,0.79997392145,0.79997392145,0.5451051052345339
LEGACY,burst_efficiency,human_vs_nothing,0.7948703776,0.7948703776,0.618807842485609
ENG,tonality_max,human_vs_nothing,0.2161165124,0.7838834876,0.5956501625525332
CEP,lfcc_2,human_vs_nothing,0.2387015349722222,0.7612984650277778,0.541229979020247
WPE,wpe_7,human_vs_nothing,0.2411224541013888,0.7588775458986112,0.5153479979421474
CAD,cad_harm4,human_vs_nothing,0.2533908630486111,0.746609136951389,0.6324556253310232
CAD,iii_cv,human_vs_nothing,0.7461580518930555,0.7461580518930555,0.7009778402825653
CAD,env_entropy,human_vs_nothing,0.2645309266111111,0.7354690733888889,0.5516645528797148
WPE,wpe_6,human_vs_nothing,0.2677143992361111,0.7322856007638889,0.5328955054574278
AR,ar_3,human_vs_nothing,0.7258397174388889,0.7258397174388889,0.5411864345196179
CEP,lfcc_3,human_vs_nothing,0.7240808297666667,0.7240808297666667,0.5073073432578021
CEP,mfcc_8,human_vs_nothing,0.277312211975,0.722687788025,0.5839696494114818
LEGACY,energy_high_freq,human_vs_nothing,0.7204471675291667,0.7204471675291667,0.5038928712664537
LEGACY,centroid_car_band,human_vs_nothing,0.2834390977763888,0.7165609022236112,0.5140186204402674
CAD,iii_mean,human_vs_nothing,0.7146337942694444,0.7146337942694444,0.6200708119077759
CEP,lfcc_6,human_vs_nothing,0.2888360565680555,0.7111639434319446,0.5997251563442711
PHYS,frac_high_90_180,human_vs_nothing,0.3003139292611111,0.6996860707388889,0.5109997069496003
PHYS,frac_foot_20_90,human_vs_nothing,0.6993363783513888,0.6993363783513888,0.5001064054443172
AR,ar_2,human_vs_nothing,0.6925238045194444,0.6925238045194444,0.5172377395386915
CEP,lfcc_4,human_vs_nothing,0.3081961462083333,0.6918038537916666,0.5638881608930801
CAD,mod_peak_count,human_vs_nothing,0.6895057678513888,0.6895057678513888,0.5671245952339653
ENG,line_stability,human_vs_nothing,0.6864482343763889,0.6864482343763889,0.5193453184767682
WPE,wpe_2,human_vs_nothing,0.3172566002763889,0.6827433997236111,0.5258102611271398
CEP,mfcc_7,human_vs_nothing,0.3217232520791667,0.6782767479208334,0.5634882607926478
LEGACY,centroid_human_band,human_vs_nothing,0.3248072041652777,0.6751927958347224,0.5063022594336009
ENG,n_lines,human_vs_nothing,0.3253050548125,0.6746949451875,0.503275332332162
CAD,env_ac_strength,human_vs_nothing,0.6718150103472222,0.6718150103472222,0.5734399823138646
CAD,cad_freq,human_vs_nothing,0.3331167365430555,0.6668832634569445,0.5241041079664914
LEGACY,spectral_entropy,human_vs_nothing,0.3402448951291666,0.6597551048708334,0.5092063586274752
ENG,comb_salience,human_vs_nothing,0.3500176649694444,0.6499823350305556,0.566612051247201
WPE,wpe_0,human_vs_nothing,0.6322680924777778,0.6322680924777778,0.5327396233804096
LEGACY,dominant_freq,human_vs_nothing,0.3824392585208333,0.6175607414791666,0.510751966318201
PHYS,frac_veh_5_25,human_vs_nothing,0.6131490449930556,0.6131490449930556,0.513471823664401
LEGACY,autocorr_250,human_vs_nothing,0.6079089248430556,0.6079089248430556,0.5361132830331998
PHYS,frac_wind_1_5,human_vs_nothing,0.3975627363986111,0.6024372636013888,0.5218072201098082
CEP,mfcc_4,human_vs_nothing,0.3980113594722222,0.6019886405277778,0.5058973039695347
PHYS,centroid_foot_band,human_vs_nothing,0.3992528583527778,0.6007471416472222,0.5019808254240906
LEGACY,ratio_human_car,human_vs_nothing,0.4055554873625,0.5944445126375,0.5201308140040111
LEGACY,ratio_car_human,human_vs_nothing,0.5944445125708333,0.5944445125708333,0.5201308142798802
AR,ar_8,human_vs_nothing,0.410739128675,0.589260871325,0.5065628743706053
CEP,mfcc_3,human_vs_nothing,0.4119757275402778,0.5880242724597222,0.5156368761779309
CEP,mfcc_6,human_vs_nothing,0.4129773680972222,0.5870226319027778,0.516548241050116
CEP,lfcc_7,human_vs_nothing,0.5869189594472223,0.5869189594472223,0.513660195131566
WPE,wpe_1,human_vs_nothing,0.5815405542125,0.5815405542125,0.5071182657883202
CEP,lfcc_5,human_vs_nothing,0.4204978189402777,0.5795021810597223,0.5110663178699504
AR,ar_7,human_vs_nothing,0.4312817572777778,0.5687182427222222,0.5021397847974018
CAD,gust_mod,human_vs_nothing,0.5648984841125,0.5648984841125,0.5057695776030903
CEP,mfcc_5,human_vs_nothing,0.4372618223875,0.5627381776125,0.5041077817199453
CEP,mfcc_2,human_vs_nothing,0.4455231645166667,0.5544768354833334,0.5028790594076211
WPE,wpe_3,human_vs_nothing,0.5510156995055555,0.5510156995055555,0.5491207434853547
PHYS,ratio_veh_foot,human_vs_nothing,0.5487426725791666,0.5487426725791666,0.5415447457195255
AR,ar_5,human_vs_nothing,0.4570135786027778,0.5429864213972222,0.5059331161758973
ENG,comb_f0,human_vs_nothing,0.5406323593569444,0.5406323593569444,0.503579702131753
LEGACY,autocorr_500,human_vs_nothing,0.4635220841194444,0.5364779158805556,0.5107906360257655
CAD,cad_harm2,human_vs_nothing,0.4688819216222222,0.5311180783777778,0.5028575886657335
AR,ar_6,human_vs_nothing,0.4699352120625,0.5300647879375,0.5026599017424993
CEP,lfcc_8,human_vs_nothing,0.4824311938513889,0.5175688061486111,0.5031695403600471
LEGACY,skewness,human_vs_nothing,0.5143762520875,0.5143762520875,0.5040961414605905
AR,ar_4,human_vs_nothing,0.4859839351291666,0.5140160648708334,0.5107008736072814
ENG,hop_band_frac,human_vs_nothing,0.4863602713291666,0.5136397286708334,0.5192776793138254
CEP,lfcc_1,human_vs_nothing,0.5085056191208334,0.5085056191208334,0.5093433046897596
CAD,env_cv,human_vs_vehicle,0.958273313515042,0.958273313515042,0.8109775684913646
ENG,beat_depth,human_vs_vehicle,0.9529000190884762,0.9529000190884762,0.8781321958394843
LEGACY,sta_lta_ratio,human_vs_vehicle,0.9462105870980898,0.9462105870980898,0.7595848287012296
WX,highband_kurtosis,human_vs_vehicle,0.9402850924141932,0.9402850924141932,0.7063521380397813
LEGACY,kurtosis,human_vs_vehicle,0.932139161462105,0.932139161462105,0.8016422024766595
LEGACY,activity_concentration,human_vs_vehicle,0.9198344387722202,0.9198344387722202,0.7698593400090971
LEGACY,temporal_entropy,human_vs_vehicle,0.0813661718477,0.9186338281523,0.7809980575490831
ENG,comb_salience,human_vs_vehicle,0.1510397595858484,0.8489602404141516,0.609680137274264
ENG,n_lines,human_vs_vehicle,0.1842350049649209,0.8157649950350792,0.5082025005266955
ENG,tonality_max,human_vs_vehicle,0.1892486030206936,0.8107513969793064,0.6414226648767546
LEGACY,burst_efficiency,human_vs_vehicle,0.805859733168722,0.805859733168722,0.6145349357122186
CAD,cad_salience,human_vs_vehicle,0.7879143844979439,0.7879143844979439,0.6326936222237071
CAD,iii_mean,human_vs_vehicle,0.7583154584719982,0.7583154584719982,0.6003766218107188
CAD,iii_cv,human_vs_vehicle,0.7379526550976819,0.7379526550976819,0.6099738259431928
CEP,lfcc_5,human_vs_vehicle,0.2631192061420364,0.7368807938579636,0.5978353428022314
PHYS,frac_wind_1_5,human_vs_vehicle,0.7200255660510949,0.7200255660510949,0.5993480034231377
CAD,env_entropy,human_vs_vehicle,0.2905813398794476,0.7094186601205523,0.5227691229333744
CEP,lfcc_2,human_vs_vehicle,0.6923595799162738,0.6923595799162738,0.5429642392712422
WX,rain_impulse_rate,human_vs_vehicle,0.6902999852076291,0.6902999852076291,0.5963906614347972
CEP,lfcc_4,human_vs_vehicle,0.3183238537001841,0.6816761462998159,0.5448392163462212
CAD,env_ac_strength,human_vs_vehicle,0.6815369731998839,0.6815369731998839,0.5435023904820097
CEP,lfcc_6,human_vs_vehicle,0.3257215694749079,0.6742784305250922,0.5399811165212879
CAD,footfall_rate,human_vs_vehicle,0.3312198818026388,0.6687801181973612,0.5210843973797761
ENG,hop_band_frac,human_vs_vehicle,0.3353375504313098,0.6646624495686901,0.5527644611518321
CEP,lfcc_7,human_vs_vehicle,0.6617283600511001,0.6617283600511001,0.5618258499471103
CAD,gust_mod,human_vs_vehicle,0.3452067969702436,0.6547932030297564,0.5544647089157806
CAD,cad_harm4,human_vs_vehicle,0.3596988550661364,0.6403011449338636,0.5142161950047586
LEGACY,spectral_entropy,human_vs_vehicle,0.6374300723475471,0.6374300723475471,0.5621627731346731
LEGACY,event_count,human_vs_vehicle,0.3846278356517488,0.6153721643482513,0.504789491402818
CAD,cad_freq,human_vs_vehicle,0.3965081307867798,0.6034918692132202,0.5283148892563868
CEP,mfcc_2,human_vs_vehicle,0.3973016431884073,0.6026983568115927,0.5353337024748427
ENG,line_mains,human_vs_vehicle,0.403921071011223,0.596078928988777,0.5481175676278107
CEP,mfcc_6,human_vs_vehicle,0.5894197151956645,0.5894197151956645,0.5269010702976432
CAD,mod_peak_count,human_vs_vehicle,0.5820128814383849,0.5820128814383849,0.5004743219049015
AR,ar_3,human_vs_vehicle,0.5723187839952212,0.5723187839952212,0.5066010006516203
LEGACY,energy_low_freq,human_vs_vehicle,0.4283613952299288,0.5716386047700712,0.5422049163676357
PHYS,centroid_foot_band,human_vs_vehicle,0.5667766760170136,0.5667766760170136,0.5283504939198173
CEP,lfcc_1,human_vs_vehicle,0.5659175768571506,0.5659175768571506,0.500693379224212
PHYS,frac_veh_5_25,human_vs_vehicle,0.4340914264943344,0.5659085735056656,0.5388669613293278
CEP,mfcc_3,human_vs_vehicle,0.5650972575597947,0.5650972575597947,0.522474778958284
PHYS,ratio_veh_foot,human_vs_vehicle,0.4388055331418821,0.5611944668581179,0.5386294712640538
CEP,lfcc_8,human_vs_vehicle,0.5598161421583877,0.5598161421583877,0.5142926252447695
WPE,wpe_0,human_vs_vehicle,0.4430506243622288,0.5569493756377712,0.5285725952665029
LEGACY,mean_burst_len,human_vs_vehicle,0.555543950789551,0.555543950789551,0.5132754920556433
LEGACY,energy_mid_gap,human_vs_vehicle,0.4486196690822456,0.5513803309177544,0.5000890946921716
CEP,mfcc_5,human_vs_vehicle,0.4494494622156226,0.5505505377843773,0.5035980895537431
LEGACY,energy_car_approach,human_vs_vehicle,0.450062051261774,0.549937948738226,0.5223703142869206
LEGACY,peak_to_peak,human_vs_vehicle,0.5481358979949476,0.5481358979949476,0.5000745146772771
LEGACY,variance,human_vs_vehicle,0.452039304863139,0.547960695136861,0.5525521434873402
PHYS,log_rms,human_vs_vehicle,0.4520397727617334,0.5479602272382667,0.5525527367090629
LEGACY,rms_total,human_vs_vehicle,0.452039772763912,0.547960227236088,0.5525527367090629
LEGACY,energy_car_tail,human_vs_vehicle,0.4543759676868392,0.5456240323131608,0.5056727119787625
LEGACY,energy_car_peak,human_vs_vehicle,0.4547034759326601,0.54529652406734,0.5201321391292343
CEP,mfcc_1,human_vs_vehicle,0.4552389251479891,0.5447610748520109,0.5519265757172229
LEGACY,dominant_freq,human_vs_vehicle,0.4579630865970227,0.5420369134029773,0.5005526299282295
CAD,cad_harm2,human_vs_vehicle,0.5397762329800593,0.5397762329800593,0.5018523364827358
WPE,wpe_3,human_vs_vehicle,0.5385530888692529,0.5385530888692529,0.5000775547902758
WPE,wpe_2,human_vs_vehicle,0.5375790015106082,0.5375790015106082,0.5074982848176923
CEP,lfcc_3,human_vs_vehicle,0.5370589301434098,0.5370589301434098,0.502108180386343
LEGACY,ratio_human_car,human_vs_vehicle,0.5351453799940046,0.5351453799940046,0.5213323958254276
LEGACY,ratio_car_human,human_vs_vehicle,0.464854620051745,0.5351453799482551,0.5213323958254277
ENG,comb_f0,human_vs_vehicle,0.4656354943048282,0.5343645056951718,0.507275461660443
LEGACY,skewness,human_vs_vehicle,0.5333277512459141,0.5333277512459141,0.508466394680179
LEGACY,centroid_human_band,human_vs_vehicle,0.5306594663940862,0.5306594663940862,0.5014413852419308
WPE,wpe_8,human_vs_vehicle,0.5303161791676361,0.5303161791676361,0.5593907399646298
LEGACY,autocorr_250,human_vs_vehicle,0.469772483811177,0.530227516188823,0.5000111659578206
PHYS,frac_high_90_180,human_vs_vehicle,0.5294733117700215,0.5294733117700215,0.5310932552654835
NL,higuchi_fd,human_vs_vehicle,0.5281015400448433,0.5281015400448433,0.5671657859904091
CEP,mfcc_4,human_vs_vehicle,0.4729236910254969,0.5270763089745031,0.5011152773797587
WPE,wpe_6,human_vs_vehicle,0.5262943671435953,0.5262943671435953,0.5530272535428176
LEGACY,spectral_bandwidth,human_vs_vehicle,0.4737864611202465,0.5262135388797535,0.5084840754182773
WPE,wpe_13,human_vs_vehicle,0.5253027991806029,0.5253027991806029,0.5566552028904306
AR,ar_8,human_vs_vehicle,0.4747415459879343,0.5252584540120657,0.5034691958327853
WPE,wpe_12,human_vs_vehicle,0.5252064279648573,0.5252064279648573,0.5606667782940822
LEGACY,spectral_flatness,human_vs_vehicle,0.5235231562649503,0.5235231562649503,0.5136924501221992
WPE,wpe_4,human_vs_vehicle,0.477760530558119,0.522239469441881,0.5081995600977021
WPE,wpe_9,human_vs_vehicle,0.5214026055181861,0.5214026055181861,0.564778798378054
WPE,wpe_1,human_vs_vehicle,0.4793297893361602,0.5206702106638398,0.5226241958896171
LEGACY,energy_human_peak,human_vs_vehicle,0.4802123854212144,0.5197876145787856,0.5102089155208946
LEGACY,centroid_car_band,human_vs_vehicle,0.519675514136191,0.519675514136191,0.5057989520694646
WPE,wpe_14,human_vs_vehicle,0.5189972375432551,0.5189972375432551,0.5634453352697425
WPE,wpe_10,human_vs_vehicle,0.5187980933853921,0.5187980933853921,0.5587135824979101
ENG,line_stability,human_vs_vehicle,0.5158572031460911,0.5158572031460911,0.5015130101562276
CEP,mfcc_8,human_vs_vehicle,0.5157596868831974,0.5157596868831974,0.5137310303397671
AR,ar_4,human_vs_vehicle,0.5148554186480601,0.5148554186480601,0.5039853510849442
WPE,wpe_7,human_vs_vehicle,0.5148020196248358,0.5148020196248358,0.5519210218037072
LEGACY,energy_human_tail,human_vs_vehicle,0.4854121952553742,0.5145878047446257,0.5234529884510215
AR,ar_6,human_vs_vehicle,0.5141397334802549,0.5141397334802549,0.5054903722112561
LEGACY,zcr,human_vs_vehicle,0.4887974640843849,0.5112025359156152,0.5295819827394841
WPE,wpe_15,human_vs_vehicle,0.5110667074687748,0.5110667074687748,0.5638557103458873
AR,ar_2,human_vs_vehicle,0.4889447866107911,0.5110552133892089,0.5019591938759569
PHYS,frac_foot_20_90,human_vs_vehicle,0.5093278698027365,0.5093278698027365,0.5102231823487418
WPE,wpe_11,human_vs_vehicle,0.508629955503067,0.508629955503067,0.5714895091137852
AR,ar_1,human_vs_vehicle,0.5085321032333203,0.5085321032333203,0.5078416605764255
LEGACY,autocorr_500,human_vs_vehicle,0.4927557714951231,0.5072442285048768,0.5002166162178626
AR,ar_7,human_vs_vehicle,0.5071165855874815,0.5071165855874815,0.5003548155915047
LEGACY,spectral_centroid,human_vs_vehicle,0.506562323286721,0.506562323286721,0.520544087515944
WPE,wpe_5,human_vs_vehicle,0.4955549177552893,0.5044450822447106,0.5622104503858654
LEGACY,energy_high_freq,human_vs_vehicle,0.4960998185941191,0.5039001814058809,0.5039798129749031
LEGACY,spectral_rolloff,human_vs_vehicle,0.5033646133919103,0.5033646133919103,0.5536215556851796
CEP,mfcc_7,human_vs_vehicle,0.4971091778252121,0.5028908221747879,0.5041867660467517
AR,ar_5,human_vs_vehicle,0.4979437811783528,0.5020562188216472,0.5074135222250401
LEGACY,energy_high_freq,vehicle_multi_vs_single,0.5547186831861274,0.5547186831861274,0.5212555070472255
LEGACY,peak_to_peak,vehicle_multi_vs_single,0.5542486208984913,0.5542486208984913,0.5261616113443393
PHYS,log_rms,vehicle_multi_vs_single,0.5538289030825873,0.5538289030825873,0.525826317427256
LEGACY,rms_total,vehicle_multi_vs_single,0.5538289028790648,0.5538289028790648,0.5258263054385578
LEGACY,variance,vehicle_multi_vs_single,0.553828887716649,0.553828887716649,0.5258263773707471
AR,ar_2,vehicle_multi_vs_single,0.5508851699150109,0.5508851699150109,0.5283726574613953
AR,ar_1,vehicle_multi_vs_single,0.4496336943687327,0.5503663056312673,0.5259527022837462
LEGACY,energy_human_tail,vehicle_multi_vs_single,0.5489401937745032,0.5489401937745032,0.5193921356673175
LEGACY,energy_mid_gap,vehicle_multi_vs_single,0.547996985184185,0.547996985184185,0.5230753907368508
WPE,wpe_8,vehicle_multi_vs_single,0.4521127418413582,0.5478872581586418,0.5196179161120096
LEGACY,energy_human_peak,vehicle_multi_vs_single,0.5464284766482077,0.5464284766482077,0.5161317343534043
LEGACY,spectral_bandwidth,vehicle_multi_vs_single,0.4536340647558217,0.5463659352441783,0.5161543931889233
LEGACY,energy_car_tail,vehicle_multi_vs_single,0.5462618959970107,0.5462618959970107,0.5192935498933413
LEGACY,energy_car_peak,vehicle_multi_vs_single,0.5461923481728741,0.5461923481728741,0.511366017210112
WPE,wpe_9,vehicle_multi_vs_single,0.4562176971394177,0.5437823028605824,0.5099226498782692
LEGACY,energy_car_approach,vehicle_multi_vs_single,0.543605868267216,0.543605868267216,0.5161185409869374
LEGACY,energy_low_freq,vehicle_multi_vs_single,0.5430619686570989,0.5430619686570989,0.5118504205611354
WPE,wpe_12,vehicle_multi_vs_single,0.4575055344181709,0.5424944655818291,0.5216773766503222
ENG,n_lines,vehicle_multi_vs_single,0.5390892739937382,0.5390892739937382,0.5158733393814265
WPE,wpe_13,vehicle_multi_vs_single,0.4625782039252721,0.5374217960747278,0.5207989587384014
ENG,comb_salience,vehicle_multi_vs_single,0.5349715593903923,0.5349715593903923,0.5139404503701338
LEGACY,spectral_flatness,vehicle_multi_vs_single,0.4655523802118852,0.5344476197881147,0.5050825846271416
WPE,wpe_11,vehicle_multi_vs_single,0.4678833633145787,0.5321166366854213,0.506682872029806
PHYS,frac_wind_1_5,vehicle_multi_vs_single,0.4684106397473794,0.5315893602526206,0.5085277381484026
ENG,comb_f0,vehicle_multi_vs_single,0.5296616913077336,0.5296616913077336,0.5026065324482359
WPE,wpe_15,vehicle_multi_vs_single,0.4715066564459039,0.5284933435540962,0.504265410902074
CEP,mfcc_2,vehicle_multi_vs_single,0.4731412865681214,0.5268587134318786,0.5048971120641255
LEGACY,spectral_centroid,vehicle_multi_vs_single,0.4732664941760924,0.5267335058239075,0.5096793152707769
WPE,wpe_14,vehicle_multi_vs_single,0.474034907464256,0.525965092535744,0.5037306431078197
WPE,wpe_10,vehicle_multi_vs_single,0.4747150282542238,0.5252849717457762,0.5036261855803487
WPE,wpe_4,vehicle_multi_vs_single,0.4754392925559138,0.5245607074440862,0.5132348274751998
AR,ar_4,vehicle_multi_vs_single,0.4759575883406455,0.5240424116593545,0.5000932723086736
CEP,lfcc_1,vehicle_multi_vs_single,0.4763885135020695,0.5236114864979304,0.5032329382201977
CEP,lfcc_5,vehicle_multi_vs_single,0.5195286418488553,0.5195286418488553,0.5007196307162104
CAD,env_ac_strength,vehicle_multi_vs_single,0.5188173639427025,0.5188173639427025,0.5029480265083919
CEP,lfcc_8,vehicle_multi_vs_single,0.4815822408368984,0.5184177591631016,0.5002364586914031
LEGACY,dominant_freq,vehicle_multi_vs_single,0.51805897472105,0.51805897472105,0.5057829982566269
CEP,mfcc_7,vehicle_multi_vs_single,0.5173312674722776,0.5173312674722776,0.5001481829511154
CEP,lfcc_4,vehicle_multi_vs_single,0.483815331067737,0.516184668932263,0.507554036779312
PHYS,ratio_veh_foot,vehicle_multi_vs_single,0.4841047982764873,0.5158952017235128,0.5014582116260362
PHYS,frac_veh_5_25,vehicle_multi_vs_single,0.4843306145383507,0.5156693854616493,0.5001063327887134
ENG,tonality_max,vehicle_multi_vs_single,0.5151368718896853,0.5151368718896853,0.5050776612585703
WPE,wpe_0,vehicle_multi_vs_single,0.4853707705984508,0.5146292294015492,0.5001389433819319
CEP,mfcc_6,vehicle_multi_vs_single,0.4856581051981377,0.5143418948018623,0.5005710996221019
PHYS,centroid_foot_band,vehicle_multi_vs_single,0.5142634205887182,0.5142634205887182,0.5006115895766817
ENG,hop_band_frac,vehicle_multi_vs_single,0.4858020971263236,0.5141979028736764,0.5038819569954144
CEP,lfcc_6,vehicle_multi_vs_single,0.4870597097672948,0.5129402902327052,0.5016424126537598
WPE,wpe_3,vehicle_multi_vs_single,0.5125678940116045,0.5125678940116045,0.5013963227021385
WX,highband_kurtosis,vehicle_multi_vs_single,0.4877801986274206,0.5122198013725794,0.5006015406280162
WX,rain_impulse_rate,vehicle_multi_vs_single,0.5122018497437537,0.5122018497437537,0.5026686122885212
CAD,cad_freq,vehicle_multi_vs_single,0.4882246461605204,0.5117753538394796,0.5005213211912918
WPE,wpe_2,vehicle_multi_vs_single,0.5115118321701595,0.5115118321701595,0.5023138104536219
CEP,lfcc_7,vehicle_multi_vs_single,0.5114503251481792,0.5114503251481792,0.5029277700391785
CAD,env_entropy,vehicle_multi_vs_single,0.4887055242370054,0.5112944757629946,0.50219607015961
LEGACY,autocorr_250,vehicle_multi_vs_single,0.5108679943495126,0.5108679943495126,0.5006555412653519
ENG,line_mains,vehicle_multi_vs_single,0.4895206052026253,0.5104793947973747,0.5046740502618706
AR,ar_6,vehicle_multi_vs_single,0.5102573506393087,0.5102573506393087,0.5012589967414021
CEP,mfcc_3,vehicle_multi_vs_single,0.4898054211723861,0.5101945788276139,0.5003911203466179
CAD,gust_mod,vehicle_multi_vs_single,0.509559381650579,0.509559381650579,0.500801039231251
WPE,wpe_5,vehicle_multi_vs_single,0.4908432386180886,0.5091567613819115,0.5043360437834997
CEP,lfcc_3,vehicle_multi_vs_single,0.5089801008380195,0.5089801008380195,0.5033930173889354
NL,higuchi_fd,vehicle_multi_vs_single,0.4913780114103769,0.508621988589623,0.5007581598729878
PHYS,frac_high_90_180,vehicle_multi_vs_single,0.5083424861816722,0.5083424861816722,0.5025566026361384
CEP,mfcc_1,vehicle_multi_vs_single,0.5080924841568283,0.5080924841568283,0.5008285280868143
CAD,iii_mean,vehicle_multi_vs_single,0.4923398698536858,0.5076601301463142,0.5032246210454722
AR,ar_3,vehicle_multi_vs_single,0.4923756010942375,0.5076243989057625,0.5051103298159508
LEGACY,ratio_car_human,vehicle_multi_vs_single,0.49251987905275,0.5074801209472499,0.5088705861857865
LEGACY,ratio_human_car,vehicle_multi_vs_single,0.5074801208047843,0.5074801208047843,0.5088705861857865
AR,ar_5,vehicle_multi_vs_single,0.4926346035698761,0.5073653964301239,0.50243949369892
CAD,env_cv,vehicle_multi_vs_single,0.5070259481184656,0.5070259481184656,0.5017269630555128
LEGACY,spectral_entropy,vehicle_multi_vs_single,0.4935481304793679,0.5064518695206321,0.5055300362656037
LEGACY,event_count,vehicle_multi_vs_single,0.4937085796327369,0.506291420367263,0.5034068962314585
WPE,wpe_6,vehicle_multi_vs_single,0.5062260903812473,0.5062260903812473,0.5032750170806547
AR,ar_7,vehicle_multi_vs_single,0.494810669256982,0.505189330743018,0.5011204910184897
LEGACY,spectral_rolloff,vehicle_multi_vs_single,0.4954336670390987,0.5045663329609014,0.5000367888934529
LEGACY,burst_efficiency,vehicle_multi_vs_single,0.5043579822961124,0.5043579822961124,0.5001628929224595
PHYS,frac_foot_20_90,vehicle_multi_vs_single,0.5042701674648988,0.5042701674648988,0.5064956644812197
LEGACY,mean_burst_len,vehicle_multi_vs_single,0.5040447506767263,0.5040447506767263,0.502093309940315
WPE,wpe_7,vehicle_multi_vs_single,0.5038456975036185,0.5038456975036185,0.5030014187097
CAD,cad_harm4,vehicle_multi_vs_single,0.5037705927252799,0.5037705927252799,0.5009339544748743
CAD,iii_cv,vehicle_multi_vs_single,0.4965991965982465,0.5034008034017535,0.5003367245418491
CEP,mfcc_8,vehicle_multi_vs_single,0.4967269012424211,0.5032730987575789,0.5001265715336082
CAD,cad_salience,vehicle_multi_vs_single,0.4967300124277022,0.5032699875722978,0.5011544756711669
LEGACY,autocorr_500,vehicle_multi_vs_single,0.4969424324406972,0.5030575675593028,0.5002034291777273
ENG,beat_depth,vehicle_multi_vs_single,0.502969796485397,0.502969796485397,0.5004587035617272
LEGACY,temporal_entropy,vehicle_multi_vs_single,0.5025212286013873,0.5025212286013873,0.5005106266199703
LEGACY,kurtosis,vehicle_multi_vs_single,0.4974922510712971,0.5025077489287029,0.5002941704469532
LEGACY,activity_concentration,vehicle_multi_vs_single,0.4976439049651161,0.5023560950348839,0.5000015276214775
LEGACY,zcr,vehicle_multi_vs_single,0.4976509071519582,0.5023490928480419,0.5013583966648054
LEGACY,centroid_car_band,vehicle_multi_vs_single,0.4977067018304136,0.5022932981695865,0.5002615466322602
LEGACY,centroid_human_band,vehicle_multi_vs_single,0.5020134549227371,0.5020134549227371,0.500718841966562
CAD,cad_harm2,vehicle_multi_vs_single,0.5019950083478808,0.5019950083478808,0.5000617745646834
CAD,mod_peak_count,vehicle_multi_vs_single,0.498137880682461,0.501862119317539,0.5005901649163869
CAD,footfall_rate,vehicle_multi_vs_single,0.5016825671279371,0.5016825671279371,0.501046195569328
CEP,mfcc_4,vehicle_multi_vs_single,0.501517873149382,0.501517873149382,0.5015358353879056
LEGACY,sta_lta_ratio,vehicle_multi_vs_single,0.501407791730351,0.501407791730351,0.5004963660247445
AR,ar_8,vehicle_multi_vs_single,0.4987454165655028,0.5012545834344972,0.5007614410516996
CEP,lfcc_2,vehicle_multi_vs_single,0.4990315202008916,0.5009684797991084,0.5101122410856267
CEP,mfcc_5,vehicle_multi_vs_single,0.4992113692889141,0.5007886307110859,0.5016456123171809
ENG,line_stability,vehicle_multi_vs_single,0.5003688157946632,0.5003688157946632,0.5023026125899539
WPE,wpe_1,vehicle_multi_vs_single,0.5000617088958105,0.5000617088958105,0.5012755624879994
LEGACY,skewness,vehicle_multi_vs_single,0.5000179283255154,0.5000179283255154,0.5016642328890314
LEGACY,energy_low_freq,vehicle_vs_nothing,0.9469144065187516,0.9469144065187516,0.8775758126244604
LEGACY,energy_car_approach,vehicle_vs_nothing,0.9333052061172008,0.9333052061172008,0.7429998159606291
CEP,lfcc_2,vehicle_vs_nothing,0.0752707147351185,0.9247292852648815,0.8128127691796548
LEGACY,energy_car_peak,vehicle_vs_nothing,0.9191707542104882,0.9191707542104882,0.6498784064181223
LEGACY,spectral_centroid,vehicle_vs_nothing,0.0818014028570407,0.9181985971429594,0.8388715977474334
WPE,wpe_10,vehicle_vs_nothing,0.1035761842044493,0.8964238157955506,0.8188220906007206
WPE,wpe_14,vehicle_vs_nothing,0.1065942962338928,0.8934057037661072,0.8130850961861004
WPE,wpe_12,vehicle_vs_nothing,0.1135544971530677,0.8864455028469322,0.799287220911068
WPE,wpe_11,vehicle_vs_nothing,0.1138974780837627,0.8861025219162373,0.8076714873332114
WPE,wpe_4,vehicle_vs_nothing,0.114321486768344,0.885678513231656,0.8015860401208452
LEGACY,mean_burst_len,vehicle_vs_nothing,0.8818539098501941,0.8818539098501941,0.7758834987557123
LEGACY,event_count,vehicle_vs_nothing,0.1197137872891923,0.8802862127108078,0.7746844479124653
LEGACY,energy_car_tail,vehicle_vs_nothing,0.8800554162843307,0.8800554162843307,0.5418002857530225
CEP,mfcc_1,vehicle_vs_nothing,0.880031922409113,0.880031922409113,0.7416733441485317
LEGACY,spectral_flatness,vehicle_vs_nothing,0.1221128443071375,0.8778871556928625,0.7857077711415378
WPE,wpe_13,vehicle_vs_nothing,0.1228585229436425,0.8771414770563575,0.7725270351644524
LEGACY,spectral_rolloff,vehicle_vs_nothing,0.1229816903823882,0.8770183096176118,0.7979069508124901
LEGACY,zcr,vehicle_vs_nothing,0.1230237832305492,0.8769762167694508,0.7673084961048373
WPE,wpe_9,vehicle_vs_nothing,0.1242467551311445,0.8757532448688555,0.7944984905532154
WPE,wpe_8,vehicle_vs_nothing,0.1243822350139558,0.8756177649860442,0.7915321826357985
WPE,wpe_15,vehicle_vs_nothing,0.1246528489256686,0.8753471510743314,0.7590081501394748
LEGACY,rms_total,vehicle_vs_nothing,0.8638689201133545,0.8638689201133545,0.7764745052746688
PHYS,log_rms,vehicle_vs_nothing,0.8638689200392836,0.8638689200392836,0.776474502352255
LEGACY,variance,vehicle_vs_nothing,0.8638684796296635,0.8638684796296635,0.7764754450963819
NL,higuchi_fd,vehicle_vs_nothing,0.1380589696383864,0.8619410303616136,0.728349276120398
AR,ar_1,vehicle_vs_nothing,0.146974171503053,0.853025828496947,0.6903167970346815
LEGACY,peak_to_peak,vehicle_vs_nothing,0.8528265732939102,0.8528265732939102,0.7529072600955283
LEGACY,energy_mid_gap,vehicle_vs_nothing,0.8320214963125822,0.8320214963125822,0.5202339031007971
WPE,wpe_5,vehicle_vs_nothing,0.1696388242265485,0.8303611757734515,0.6389711035551087
LEGACY,energy_human_peak,vehicle_vs_nothing,0.8206230489690655,0.8206230489690655,0.5256724210300558
PHYS,frac_wind_1_5,vehicle_vs_nothing,0.1873090220434647,0.8126909779565353,0.5621745235037359
LEGACY,spectral_bandwidth,vehicle_vs_nothing,0.1956338839167061,0.8043661160832939,0.656720028955299
WPE,wpe_7,vehicle_vs_nothing,0.2150561998181344,0.7849438001818656,0.5390101140865691
LEGACY,energy_human_tail,vehicle_vs_nothing,0.7831931363813024,0.7831931363813024,0.5480107755648878
WPE,wpe_6,vehicle_vs_nothing,0.2171184478315125,0.7828815521684875,0.55935295716334
PHYS,frac_high_90_180,vehicle_vs_nothing,0.2430842727316694,0.7569157272683306,0.5962527357461322
ENG,comb_salience,vehicle_vs_nothing,0.746242768988045,0.746242768988045,0.546221434032611
LEGACY,centroid_car_band,vehicle_vs_nothing,0.2545941084797102,0.7454058915202898,0.6277067764555575
WPE,wpe_2,vehicle_vs_nothing,0.2584594460333353,0.7415405539666646,0.5542203179156878
LEGACY,spectral_entropy,vehicle_vs_nothing,0.2601105105350437,0.7398894894649564,0.6652687663306759
CEP,mfcc_8,vehicle_vs_nothing,0.2700611819888615,0.7299388180111386,0.5607676881847121
ENG,line_mains,vehicle_vs_nothing,0.2770895063356661,0.7229104936643339,0.6009281377403628
LEGACY,centroid_human_band,vehicle_vs_nothing,0.281528161075194,0.7184718389248059,0.6024314472319316
LEGACY,sta_lta_ratio,vehicle_vs_nothing,0.7162642530833052,0.7162642530833052,0.5520553042604837
LEGACY,energy_high_freq,vehicle_vs_nothing,0.706209054473396,0.706209054473396,0.5354428541974898
CEP,lfcc_5,vehicle_vs_nothing,0.7057678645959962,0.7057678645959962,0.5160583856039208
WPE,wpe_0,vehicle_vs_nothing,0.7031945532028642,0.7031945532028642,0.5159654267505942
CAD,env_cv,vehicle_vs_nothing,0.7029503568621351,0.7029503568621351,0.5185190898848571
PHYS,centroid_foot_band,vehicle_vs_nothing,0.2981745230299132,0.7018254769700868,0.5464483721064829
CEP,mfcc_6,vehicle_vs_nothing,0.299918304038339,0.7000816959616609,0.54365609433571
ENG,beat_depth,vehicle_vs_nothing,0.6995195529762948,0.6995195529762948,0.6395926645746064
ENG,n_lines,vehicle_vs_nothing,0.6992671476213258,0.6992671476213258,0.5019786080916767
CAD,gust_mod,vehicle_vs_nothing,0.6981547140323175,0.6981547140323175,0.6459344954305649
PHYS,frac_foot_20_90,vehicle_vs_nothing,0.6858001248288748,0.6858001248288748,0.5138985580108558
AR,ar_2,vehicle_vs_nothing,0.6843622523748399,0.6843622523748399,0.5002297548033783
ENG,line_stability,vehicle_vs_nothing,0.6831970340621026,0.6831970340621026,0.6019846677746359
PHYS,frac_veh_5_25,vehicle_vs_nothing,0.6814823002223866,0.6814823002223866,0.5008420576441954
CEP,mfcc_7,vehicle_vs_nothing,0.3213373009129877,0.6786626990870124,0.554322148604578
CEP,lfcc_3,vehicle_vs_nothing,0.6734855334381653,0.6734855334381653,0.5226173314063964
ENG,hop_band_frac,vehicle_vs_nothing,0.6683249146181738,0.6683249146181738,0.5270614010294252
CEP,mfcc_3,vehicle_vs_nothing,0.3422876336650833,0.6577123663349167,0.5000986758930408
CAD,cad_salience,vehicle_vs_nothing,0.6575858768041681,0.6575858768041681,0.6230148455822689
LEGACY,ratio_car_human,vehicle_vs_nothing,0.6525908301918607,0.6525908301918607,0.5367702763672233
LEGACY,ratio_human_car,vehicle_vs_nothing,0.3474091698473532,0.6525908301526469,0.5367702789163185
AR,ar_3,vehicle_vs_nothing,0.6524541002883532,0.6524541002883532,0.5201310196511086
CAD,footfall_rate,vehicle_vs_nothing,0.3491537427290813,0.6508462572709187,0.5936848148398142
WX,rain_impulse_rate,vehicle_vs_nothing,0.6328713516545235,0.6328713516545235,0.521806256801405
CAD,cad_harm4,vehicle_vs_nothing,0.3795002636549486,0.6204997363450514,0.5927261916663777
LEGACY,autocorr_250,vehicle_vs_nothing,0.6174717005148355,0.6174717005148355,0.5757165500954429
PHYS,ratio_veh_foot,vehicle_vs_nothing,0.6164286933391195,0.6164286933391195,0.5317649325517995
CAD,mod_peak_count,vehicle_vs_nothing,0.6150153887234642,0.6150153887234642,0.5663638876639319
WPE,wpe_1,vehicle_vs_nothing,0.6022879648791208,0.6022879648791208,0.5360266327261388
CEP,lfcc_7,vehicle_vs_nothing,0.3988176604089927,0.6011823395910073,0.5013722759905384
LEGACY,temporal_entropy,vehicle_vs_nothing,0.596293427634153,0.596293427634153,0.5450238613229207
CEP,lfcc_8,vehicle_vs_nothing,0.4084850443117561,0.591514955688244,0.5126612948747397
LEGACY,dominant_freq,vehicle_vs_nothing,0.4114927101976295,0.5885072898023704,0.5350251965042547
AR,ar_7,vehicle_vs_nothing,0.4241715366332302,0.5758284633667698,0.513976885053654
ENG,comb_f0,vehicle_vs_nothing,0.5740754894466564,0.5740754894466564,0.5001721916094388
CEP,mfcc_2,vehicle_vs_nothing,0.5720848290206709,0.5720848290206709,0.5044618307503081
CAD,env_entropy,vehicle_vs_nothing,0.4300683844792083,0.5699316155207916,0.5396239745456843
CEP,mfcc_4,vehicle_vs_nothing,0.433186113469031,0.566813886530969,0.5011749464787646
CAD,cad_harm2,vehicle_vs_nothing,0.4346050698334976,0.5653949301665024,0.5380809529565029
CEP,lfcc_1,vehicle_vs_nothing,0.4355511227888782,0.5644488772111218,0.5100739416251614
AR,ar_8,vehicle_vs_nothing,0.438707273095052,0.561292726904948,0.5045275374643243
AR,ar_6,vehicle_vs_nothing,0.4456373160844267,0.5543626839155733,0.5312611831124624
AR,ar_5,vehicle_vs_nothing,0.4513495652437234,0.5486504347562766,0.5140057471333077
CAD,iii_cv,vehicle_vs_nothing,0.5475900667007392,0.5475900667007392,0.5066211912847358
CEP,lfcc_4,vehicle_vs_nothing,0.5425171481485355,0.5425171481485355,0.5102611500436943
LEGACY,autocorr_500,vehicle_vs_nothing,0.4631387863437006,0.5368612136562994,0.5148146764108377
CAD,cad_freq,vehicle_vs_nothing,0.4647368052204216,0.5352631947795784,0.5288117805004832
AR,ar_4,vehicle_vs_nothing,0.4677076566292042,0.5322923433707958,0.5033366777621721
CEP,lfcc_6,vehicle_vs_nothing,0.47077103044222,0.52922896955778,0.5068701041039984
CAD,iii_mean,vehicle_vs_nothing,0.5270002954923136,0.5270002954923136,0.5020683105006987
LEGACY,burst_efficiency,vehicle_vs_nothing,0.4734006295755047,0.5265993704244953,0.5032790840932897
WX,highband_kurtosis,vehicle_vs_nothing,0.5194978746609084,0.5194978746609084,0.5043866112017393
LEGACY,skewness,vehicle_vs_nothing,0.4834118223307722,0.5165881776692278,0.502836801157007
LEGACY,kurtosis,vehicle_vs_nothing,0.4883723191017218,0.5116276808982783,0.5000717422996256
WPE,wpe_3,vehicle_vs_nothing,0.5086689578153825,0.5086689578153825,0.508549806659368
ENG,tonality_max,vehicle_vs_nothing,0.5057346658122384,0.5057346658122384,0.5038776338964157
LEGACY,activity_concentration,vehicle_vs_nothing,0.4953826235609572,0.5046173764390428,0.501533278730061
CEP,mfcc_5,vehicle_vs_nothing,0.4982806556505985,0.5017193443494015,0.5179220179627283
CAD,env_ac_strength,vehicle_vs_nothing,0.5012113937550488,0.5012113937550488,0.5037370057726133
